1.3934,1.063,9.3948,-1.0965,-1.6424,-9.8162,1.5706,1.2833,9.5002,-1.0918,-1.5467,-9.9024
1.5083,1.063,9.2656,-1.0582,-1.7238,-9.6917,1.6855,1.2977,9.4092,-1.0965,-1.6616,-9.8785
1.3886,0.9098,9.2799,-0.90501,-1.6281,-9.7157,1.6424,1.1013,9.5098,-0.9098,-1.5945,-9.9359
1.2258,0.79009,9.4858,-0.75178,-1.4557,-9.9216,1.4078,0.95768,9.6438,-0.78051,-1.4892,-10.08
1.3455,0.85234,9.481,-0.84755,-1.5658,-9.9072,1.5227,1.0295,9.663,-0.8667,-1.5227,-10.127
1.7669,0.80445,9.6678,-0.84755,-1.9776,-10.051,1.9345,1.0343,9.7061,-0.82839,-1.9154,-10.242
1.6089,0.62728,9.5864,-0.64643,-1.7813,-10.08,1.7526,0.79009,9.6822,-0.65122,-1.7238,-10.166
1.3312,0.53151,9.5433,-0.55545,-1.4844,-9.9311,1.5131,0.74699,9.6869,-0.52672,-1.4653,-10.161
1.3312,0.49799,9.5529,-0.50278,-1.561,-9.8593,1.5562,0.67995,9.6534,-0.48363,-1.5467,-10.123
1.5467,0.54588,9.5624,-0.49799,-1.7861,-9.9647,1.7334,0.72784,9.8306,-0.49321,-1.7286,-10.175
1.6568,0.56503,9.6199,-0.51236,-1.8483,-9.9503,1.8148,0.71826,9.6726,-0.52194,-1.8387,-10.104
1.3312,0.60813,9.3374,-0.56503,-1.5131,-9.7588,1.4796,0.77093,9.4571,-0.62249,-1.47,-9.9695
0.84276,0.90501,9.0405,-0.84755,-1.1157,-9.481,1.0343,1.0439,9.1937,-0.89064,-1.0247,-9.6103
1.1301,1.2067,8.9016,-1.1396,-1.4222,-9.3613,1.3264,1.3072,9.0932,-1.1396,-1.3695,-9.5241
1.403,1.5467,9.0501,-1.4605,-1.652,-9.4619,1.6185,1.6712,9.1937,-1.4988,-1.6185,-9.6103
1.5562,1.3551,9.1698,-1.2785,-1.719,-9.5433,1.5945,1.3695,9.1889,-1.1492,-1.5802,-9.6822
1.5419,1.2594,9.0549,-1.2067,-1.7526,-9.5337,1.7286,1.3503,9.2225,-1.2067,-1.743,-9.6965
1.6185,1.0008,9.3613,-0.98162,-1.834,-9.7636,1.8052,1.1492,9.5672,-0.96726,-1.7861,-10.032
1.8483,0.86191,9.572,-0.89543,-2.0303,-9.9934,2.0063,1.0534,9.7492,-0.86191,-1.992,-10.242
1.6041,0.65122,9.5433,-0.64165,-1.7669,-9.9838,1.7813,0.83797,9.6247,-0.67995,-1.7813,-10.137
1.6137,0.65122,9.5146,-0.64643,-1.8292,-9.8737,1.81,0.85234,9.6391,-0.69432,-1.7909,-10.06
1.561,0.88107,9.3565,-0.84755,-1.8387,-9.8689,1.8196,1.0151,9.5289,-0.85234,-1.7621,-10.027
1.6568,0.86191,9.3278,-0.85234,-1.8483,-9.8306,1.834,0.98641,9.4906,-0.85234,-1.8387,-9.9503
1.7382,0.9481,9.3853,-0.92416,-1.9872,-9.845,1.8962,1.0965,9.4763,-0.91459,-1.9297,-9.9455
1.6281,0.88107,9.2751,-0.79487,-1.8627,-9.6774,1.8244,0.9912,9.4092,-0.84276,-1.8435,-9.8881
1.4748,1.0822,9.2416,-1.0151,-1.6903,-9.6774,1.6281,1.2546,9.3948,-1.0487,-1.6089,-9.9072
1.3886,1.2498,9.2464,-1.1827,-1.6328,-9.6822,1.6472,1.403,9.3948,-1.2402,-1.6089,-9.8593
1.561,1.2546,9.2464,-1.2833,-1.719,-9.6534,1.7334,1.4222,9.3805,-1.2498,-1.743,-9.7779
1.7669,1.2594,9.2895,-1.2067,-2.0063,-9.6917,1.992,1.4413,9.481,-1.2737,-1.9249,-9.8641
1.4796,1.2354,9.2464,-1.2306,-1.7095,-9.663,1.6999,1.4365,9.4332,-1.2498,-1.6712,-9.912
1.5131,1.2546,9.3134,-1.245,-1.7238,-9.7348,1.6999,1.4126,9.3948,-1.2546,-1.6759,-9.9264
1.5802,1.4174,9.3278,-1.3647,-1.7669,-9.7013,1.7813,1.585,9.4379,-1.4557,-1.7573,-9.9695
1.5131,1.3599,9.3613,-1.2833,-1.719,-9.7492,1.7382,1.4796,9.3805,-1.3312,-1.719,-9.8689
1.8244,1.0391,9.3901,-1.0487,-2.0159,-9.7396,2.0303,1.1971,9.5337,-1.0151,-1.9728,-10.027
1.5754,1.0008,9.3278,-0.98641,-1.7669,-9.7061,1.7382,1.1779,9.4427,-1.0391,-1.719,-9.9503
1.6759,0.88107,9.4236,-0.83318,-1.8627,-9.845,1.834,1.0391,9.5337,-0.90022,-1.8435,-10.003
1.7573,0.82361,9.4858,-0.81882,-1.9393,-9.8737,1.901,0.99599,9.5912,-0.82839,-1.9201,-10.113
1.5083,0.90501,9.4044,-0.85712,-1.7717,-9.7588,1.719,1.0918,9.6199,-0.88107,-1.6807,-9.9599
1.6999,1.0056,9.4906,-1.0199,-1.9297,-9.9168,1.8483,1.1444,9.6438,-0.99599,-1.8435,-10.065
1.7047,1.0918,9.5529,-1.1827,-1.9728,-10.022,1.9393,1.2737,9.6103,-1.1061,-1.8818,-10.084
1.47,0.9481,9.2847,-0.98641,-1.7478,-9.8114,1.6616,1.1396,9.3422,-0.97205,-1.585,-9.8258
1.5419,1.0008,9.1937,-1.0534,-1.5467,-9.4858,1.7861,1.1684,9.2751,-0.97205,-1.743,-9.8545
1.2785,0.70868,9.0836,-0.62728,-1.4844,-9.4427,1.4796,0.81882,9.1842,-0.62728,-1.4892,-9.7157
1.3934,0.92895,9.2847,-0.89543,-1.585,-9.6582,1.5227,1.1205,9.414,-0.93374,-1.5802,-9.8066
1.4988,0.96726,9.3901,-0.88585,-1.7669,-9.7923,1.7047,1.1205,9.5146,-0.90022,-1.7142,-9.9311
1.4796,0.91459,9.4092,-0.93853,-1.6712,-9.8354,1.6281,1.0774,9.4858,-0.89543,-1.6089,-10.032
1.4509,1.063,9.4475,-1.0008,-1.6664,-9.7252,1.6041,1.2163,9.5289,-1.0247,-1.6089,-10.022
1.2641,1.0008,9.2081,-0.9481,-1.5036,-9.6774,1.4509,1.1588,9.3757,-0.99599,-1.4413,-9.8354
1.5323,0.99599,9.3374,-0.9481,-1.7573,-9.7971,1.7334,1.1492,9.3948,-0.96726,-1.6568,-9.9216
1.3503,1.0247,9.3422,-0.96247,-1.5419,-9.7827,1.5323,1.154,9.4427,-0.96247,-1.5275,-9.9264
1.5562,1.0343,9.3996,-1.0247,-1.7957,-9.7827,1.7573,1.154,9.5672,-1.0151,-1.7573,-10.017
1.585,0.96247,9.5002,-0.97205,-1.7861,-9.8641,1.6999,1.1636,9.663,-1.0343,-1.7382,-10.123
1.5131,1.087,9.5146,-1.0582,-1.7286,-9.8593,1.6855,1.2689,9.5385,-1.1013,-1.6807,-9.9695
1.6376,1.1588,9.4715,-1.1253,-1.8771,-9.8258,1.8866,1.3072,9.5624,-1.1061,-1.8244,-10.027
1.5945,1.1205,9.347,-1.0918,-1.7765,-9.7636,1.7765,1.2929,9.5002,-1.0918,-1.743,-9.9599
1.719,1.2354,9.2129,-1.1971,-1.9393,-9.6582,1.8962,1.3982,9.3709,-1.2306,-1.8771,-9.8928
1.5562,1.2067,9.2225,-1.1444,-1.7526,-9.6486,1.7286,1.3934,9.347,-1.1827,-1.6999,-9.7875
1.6759,1.1971,9.3134,-1.1971,-1.8771,-9.7013,1.8866,1.3982,9.3853,-1.221,-1.834,-9.9024
1.5514,1.1636,9.323,-1.1013,-1.7526,-9.754,1.7286,1.3168,9.4619,-1.1396,-1.7286,-9.9311
1.5562,1.1253,9.3805,-1.1732,-1.7573,-9.8114,1.743,1.3072,9.5672,-1.154,-1.7813,-10.022
1.7047,1.2306,9.4523,-1.2306,-1.8866,-9.8641,1.8531,1.3743,9.5481,-1.1875,-1.8627,-10.127
1.561,1.1636,9.3661,-1.1588,-1.7861,-9.8258,1.7621,1.3312,9.4667,-1.154,-1.6951,-10.036
1.5514,1.0822,9.414,-1.0822,-1.7669,-9.7205,1.7478,1.221,9.5098,-1.0391,-1.7573,-9.9455
1.5706,1.0199,9.3709,-0.96247,-1.7909,-9.7444,1.7238,1.1732,9.3901,-0.97683,-1.6999,-9.8833
1.6424,1.1396,9.3518,-1.1205,-1.8627,-9.6726,1.81,1.2977,9.414,-1.1109,-1.8244,-9.9455
1.5419,0.88107,9.2943,-0.88107,-1.7573,-9.8019,1.7382,1.0487,9.4284,-0.86191,-1.7142,-9.8641
1.5562,0.96726,9.2703,-0.93853,-1.8052,-9.73,1.7334,1.1253,9.3757,-0.96726,-1.7238,-9.821
1.6999,0.97683,9.3757,-0.97683,-1.8531,-9.7923,1.8387,1.1444,9.4715,-0.99599,-1.8148,-10.022
1.6807,1.1444,9.3948,-1.0343,-1.8675,-9.8162,1.834,1.2689,9.5672,-1.087,-1.8483,-9.8976
1.6376,1.1349,9.4332,-1.1684,-1.8435,-9.7444,1.8004,1.2881,9.4523,-1.1253,-1.8292,-9.9982
1.7573,1.0247,9.4379,-0.99599,-1.968,-9.8833,1.8818,1.2354,9.481,-1.0151,-1.8962,-9.9455
1.6903,0.88585,9.3039,-0.88107,-1.8675,-9.7157,1.8579,1.063,9.4284,-0.90501,-1.7717,-9.9742
1.4748,0.75657,9.2368,-0.77093,-1.6472,-9.6007,1.6424,0.91459,9.3565,-0.76614,-1.6281,-9.8066
1.6041,0.89064,9.1219,-0.89543,-1.7813,-9.572,1.743,1.0726,9.3422,-0.89064,-1.7238,-9.7875
1.561,1.0151,9.2033,-0.98641,-1.8052,-9.6103,1.8052,1.154,9.3134,-1.0104,-1.7717,-9.8354
1.5467,1.1684,9.1746,-1.1684,-1.7478,-9.6438,1.7478,1.3503,9.3278,-1.1732,-1.7142,-9.754
1.6568,1.2498,9.2512,-1.1923,-1.834,-9.7396,1.8387,1.4222,9.4906,-1.2163,-1.81,-9.9742
1.7861,1.2115,9.3948,-1.2115,-2.0207,-9.8689,1.992,1.4365,9.4858,-1.2258,-1.9632,-10.041
1.6137,1.2306,9.2991,-1.2019,-1.7813,-9.754,1.8387,1.3695,9.4427,-1.221,-1.7669,-9.8833
1.5897,1.1971,9.232,-1.1732,-1.7717,-9.596,1.7621,1.3455,9.3039,-1.2306,-1.7813,-9.7683
1.6281,1.0726,9.1459,-1.0726,-1.8004,-9.7779,1.8196,1.2785,9.2608,-1.0918,-1.7957,-9.6726
1.7238,1.2498,9.3948,-1.1923,-1.9106,-9.6534,1.9106,1.4174,9.4858,-1.1923,-1.8531,-9.8833
1.7669,1.1827,9.2512,-1.1827,-1.9872,-9.7348,1.9441,1.3695,9.3853,-1.1684,-1.9441,-9.9311
1.7717,1.2258,9.3374,-1.1923,-2.0159,-9.6726,1.9441,1.3551,9.4475,-1.2067,-1.9441,-9.8114
1.743,1.1396,9.3087,-1.1396,-1.9537,-9.7444,1.8962,1.3216,9.4763,-1.1253,-1.9201,-9.9024
1.8292,1.1923,9.3613,-1.1588,-2.0016,-9.7636,1.9728,1.3312,9.4954,-1.154,-1.968,-9.8593
1.8387,1.1109,9.3039,-1.0678,-2.0207,-9.7875,1.9872,1.3216,9.4379,-1.1253,-1.9393,-9.8976
1.7573,1.2115,9.2943,-1.2115,-1.9585,-9.6534,1.9489,1.3455,9.4044,-1.1923,-1.9154,-9.9742
1.7286,1.1205,9.2464,-1.0774,-1.9585,-9.7252,1.9489,1.2689,9.4667,-1.0822,-1.9106,-9.8402
1.6137,1.1779,9.3182,-1.1157,-1.8914,-9.6822,1.7621,1.2881,9.4092,-1.1492,-1.7957,-9.8641
1.7142,1.2019,9.2656,-1.1636,-1.9249,-9.73,1.9297,1.3791,9.4379,-1.1588,-1.9154,-9.8785
1.5897,1.1301,9.2512,-1.1205,-1.8196,-9.6534,1.7957,1.2929,9.414,-1.154,-1.7813,-9.845
1.6424,1.1444,9.2751,-1.1253,-1.8483,-9.7588,1.8148,1.2929,9.4427,-1.1636,-1.7861,-9.8785
1.6328,1.2306,9.3087,-1.1971,-1.8627,-9.7588,1.8579,1.336,9.4475,-1.1779,-1.8244,-9.8881
1.5323,1.1636,9.2895,-1.1157,-1.7478,-9.7013,1.7478,1.3408,9.4332,-1.1205,-1.719,-9.912
1.561,1.1301,9.347,-1.1157,-1.7573,-9.6965,1.7286,1.3551,9.414,-1.1396,-1.6951,-9.8928
1.5802,1.1492,9.3805,-1.1492,-1.8292,-9.7923,1.7717,1.3168,9.4475,-1.0918,-1.7573,-9.9599
1.5323,1.0151,9.3709,-1.0104,-1.7526,-9.7636,1.7286,1.1827,9.4523,-1.0439,-1.7286,-9.9503
1.4317,1.0439,9.5146,-1.0151,-1.6759,-9.8306,1.6185,1.2306,9.5146,-1.0151,-1.6185,-9.9838
1.4748,0.86191,9.4475,-0.85712,-1.6376,-9.8737,1.5993,1.0487,9.5768,-0.82361,-1.6424,-9.9407
1.3551,0.65122,9.5146,-0.65601,-1.5945,-9.9934,1.5514,0.80924,9.6486,-0.65122,-1.5467,-10.142
1.2546,0.80445,9.4954,-0.80924,-1.4988,-9.9024,1.4605,0.9481,9.6822,-0.82839,-1.4461,-10.108
1.1061,0.86191,9.3518,-0.81403,-1.3408,-9.8306,1.2881,0.99599,9.4284,-0.85712,-1.2881,-9.9742
1.1109,1.0439,9.3709,-1.0343,-1.2785,-9.8402,1.2498,1.2163,9.5146,-1.0151,-1.2354,-9.9216
0.81882,1.1349,9.2368,-1.0774,-1.0056,-9.7923,0.96726,1.2689,9.4763,-1.0822,-0.97205,-9.8833
0.51715,1.4892,9.4044,-1.4748,-0.72784,-9.7827,0.67038,1.6712,9.4571,-1.5083,-0.66559,-9.9024
0.66559,1.3312,9.481,-1.2306,-0.89064,-9.9264,0.8667,1.4748,9.5385,-1.245,-0.88585,-10.099
0.81403,1.221,9.7636,-1.2258,-1.0295,-10.195,0.98162,1.3886,9.912,-1.2402,-1.0391,-10.357
1.0487,1.4748,10.046,-1.4365,-1.2163,-10.439,1.2354,1.6281,10.185,-1.4653,-1.1971,-10.716
1.1013,1.4653,9.9742,-1.403,-1.2833,-10.381,1.312,1.5993,10.099,-1.4557,-1.2689,-10.534
0.75178,1.6041,9.5433,-1.6328,-0.92416,-9.9407,0.91459,1.8004,9.6917,-1.6233,-0.89064,-10.113
0.71826,1.6568,9.2847,-1.6185,-0.98162,-9.6438,0.89543,1.7813,9.3901,-1.6328,-0.92895,-9.9024
0.83318,1.5993,9.0692,-1.561,-1.0104,-9.4044,1.0343,1.7573,9.1889,-1.561,-0.98641,-9.6534
0.74699,1.245,8.8011,-1.2641,-0.94332,-9.2608,0.90022,1.4653,8.9974,-1.2785,-0.9098,-9.5098
1.0774,1.403,8.8155,-1.4413,-1.2306,-9.1698,1.2067,1.6089,8.8873,-1.4509,-1.1779,-9.2991
0.50278,1.5658,8.6239,-1.4988,-0.72784,-9.074,0.68474,1.6999,8.7436,-1.4796,-0.67038,-9.2799
0.76614,1.5036,8.6191,-1.5036,-0.96247,-9.0884,0.93374,1.6903,8.8059,-1.4796,-0.87149,-9.323
0.44053,1.5131,8.6383,-1.4988,-0.58897,-9.1937,0.59376,1.6903,8.8585,-1.5227,-0.56503,-9.3278
0.25379,1.6185,8.8059,-1.5897,-0.4118,-9.2847,0.42138,1.7717,8.9639,-1.5514,-0.42138,-9.3422
0.31125,1.494,9.3039,-1.3982,-0.56503,-9.6869,0.48363,1.6855,9.3901,-1.4988,-0.49799,-9.8833
0.42617,1.4653,9.7252,-1.4174,-0.57461,-10.19,0.51236,1.6328,9.8689,-1.4126,-0.54109,-10.343
0.33519,1.0918,10.084,-1.1157,-0.51236,-10.539,0.48363,1.3024,10.281,-1.1349,-0.44532,-10.74
0.39265,0.84276,10.487,-0.80924,-0.5794,-10.927,0.5794,1.0391,10.597,-0.84276,-0.54109,-11.157
0.69911,0.7853,10.975,-0.79487,-0.95289,-11.358,0.91937,0.97205,11.052,-0.76614,-0.88585,-11.516
1.4269,0.90022,11.281,-0.90501,-1.6903,-11.602,1.6089,1.0965,11.435,-0.98162,-1.6089,-11.794
1.47,0.84276,10.836,-0.7853,-1.6616,-11.368,1.6568,1.0199,10.956,-0.82361,-1.6185,-11.535
1.6903,0.44053,10.745,-0.4549,-1.968,-11.109,1.8771,0.6177,10.807,-0.40701,-1.8914,-11.305
2.4804,0.87628,10.649,-0.85712,-2.6767,-11.21,2.6001,1.0487,10.731,-0.89543,-2.624,-11.305
2.8539,1.2019,9.9455,-1.1827,-3.0837,-10.305,3.0646,1.3599,10.003,-1.1732,-3.0023,-10.525
2.3846,0.83797,9.4427,-0.78051,-2.5091,-9.7731,2.557,0.97205,9.4954,-0.80445,-2.5426,-9.9455
1.8531,0.56503,8.8921,-0.51236,-2.1069,-9.3278,2.0303,0.69911,9.0453,-0.5363,-2.0303,-9.5098
1.6233,0.36392,8.4851,-0.27294,-1.8292,-9.0022,1.8148,0.54109,8.6383,-0.34955,-1.8004,-9.1363
1.4317,0.45011,8.3318,-0.43574,-1.6616,-8.7771,1.6568,0.67038,8.5234,-0.45969,-1.6281,-8.9591
1.3599,0.91459,8.1355,-0.87628,-1.5993,-8.5521,1.6089,1.063,8.26,-0.90022,-1.5993,-8.6239
0.99599,0.80445,7.92,-0.81403,-1.1396,-8.2983,1.1732,1.0104,8.0397,-0.77572,-1.1875,-8.4659
0.87149,0.90022,7.6519,-0.9098,-1.0918,-8.1786,1.0487,1.0918,7.8578,-0.89064,-1.0247,-8.2265
0.58897,0.75178,7.6998,-0.7422,-0.77093,-8.0972,0.71826,0.9481,7.8386,-0.72305,-0.75657,-8.3079
0.54109,0.47405,8.0685,-0.48842,-0.73741,-8.4563,0.65122,0.66559,8.1786,-0.49321,-0.62728,-8.7819
0.42138,0.55545,8.3558,-0.54588,-0.62728,-8.7388,0.59855,0.77572,8.4084,-0.57461,-0.61292,-8.8681
0.10534,0.52194,8.667,-0.49799,-0.30646,-9.1363,0.22984,0.69432,8.849,-0.51715,-0.25379,-9.3805
0.30167,0.91459,9.481,-0.90022,-0.5794,-9.9072,0.55545,1.0965,9.6726,-0.91459,-0.56503,-10.142
0.10056,0.89064,10.123,-0.88107,-0.3304,-10.525,0.29688,1.0726,10.166,-0.84276,-0.27773,-10.693
0.34477,1.1157,10.53,-1.0391,-0.56024,-11.023,0.58419,1.2977,10.534,-1.1157,-0.56503,-11.076
0.43096,1.336,10.573,-1.2594,-0.71826,-10.989,0.60334,1.4844,10.697,-1.3024,-0.61292,-11.152
0.28252,1.8962,10.769,-1.8723,-0.55545,-11.281,0.46448,2.0638,10.922,-1.8962,-0.48842,-11.349
0.6177,1.6281,11.181,-1.5227,-0.89543,-11.612,0.78051,1.8196,11.205,-1.5275,-0.7853,-11.789
1.7621,1.0247,11.181,-0.99599,-1.9872,-11.526,1.9872,1.2067,11.31,-0.97683,-1.9249,-11.736
1.719,0.88107,10.247,-0.85712,-1.9201,-10.673,1.8675,1.0295,10.463,-0.85234,-1.8818,-10.894
2.1069,1.1396,9.9551,-1.1013,-2.3224,-10.367,2.3224,1.2881,10.08,-1.1253,-2.2889,-10.534
1.5083,1.3408,9.323,-1.2737,-1.7765,-9.8258,1.7909,1.4653,9.6007,-1.2929,-1.7765,-10.08
1.403,0.94332,8.2504,-0.93853,-1.5706,-8.6143,1.5371,1.1396,8.4132,-0.91937,-1.5802,-8.8394
1.3647,0.63686,7.9966,-0.68474,-1.5467,-8.4707,1.4605,0.84755,8.1834,-0.65601,-1.5036,-8.6431
1.9632,0.7853,8.2887,-0.7853,-2.1739,-8.6143,2.1596,0.91459,8.3462,-0.75657,-2.1117,-8.8202
0.86191,0.77572,7.7907,-0.81403,-1.0822,-8.1882,1.0726,1.0104,8.0158,-0.78051,-1.063,-8.4132
0.31125,0.7422,8.1499,-0.63686,-0.54588,-8.5234,0.51236,0.91937,8.1594,-0.69432,-0.54109,-8.667
-0.076614,0.79009,8.3653,-0.74699,-0.15802,-8.758,0.15802,0.96247,8.5042,-0.80445,-0.14844,-9.0118
-0.62728,0.45969,8.9112,-0.44532,0.40701,-9.3661,-0.47405,0.60813,9.1459,-0.44532,0.46448,-9.596
-0.48363,0.67516,9.7205,-0.63207,0.17238,-10.247,-0.33998,0.84276,9.8689,-0.61292,0.31603,-10.4
0.83797,0.75178,10.855,-0.7039,-1.1636,-11.349,1.0726,0.91937,10.937,-0.7039,-1.0965,-11.439
1.9441,0.57461,11.411,-0.5363,-2.1931,-11.847,2.1069,0.73263,11.483,-0.55067,-2.1165,-12
2.6001,0.64643,10.985,-0.63686,-2.715,-11.31,2.7821,0.76614,11.138,-0.62249,-2.6671,-11.569
-0.13408,0.57461,10.712,-0.56503,-0.02873,-11.21,0.02873,0.72305,10.894,-0.55067,0.057461,-11.377
1.1109,0.49799,10.975,-0.41659,-1.4461,-11.339,1.2737,0.68474,11.119,-0.4549,-1.3695,-11.554
2.4804,-0.0095768,10.525,0.047884,-2.6576,-10.846,2.6863,0.16281,10.659,0.052672,-2.6576,-11.037
1.8292,-0.33519,9.5577,0.32561,-2.0159,-9.9216,1.9872,-0.15802,9.6965,0.34955,-1.9776,-10.118
0.44532,-0.038307,8.9926,0.033519,-0.70868,-9.4715,0.64165,0.14844,9.1889,-0.0047884,-0.66559,-9.5912
1.5754,0.80445,8.9112,-0.79009,-1.8675,-9.3661,1.7813,0.94332,8.9639,-0.79966,-1.8052,-9.3278
2.0494,1.221,8.4563,-1.1684,-2.217,-8.7388,2.1931,1.3743,8.6,-1.1923,-2.1787,-9.0166
1.6472,1.2258,7.9487,-1.0822,-1.6999,-8.3031,1.834,1.3743,8.0541,-1.2258,-1.6903,-8.4324
0.13886,0.56503,7.3789,-0.53151,-0.25379,-7.8434,0.26815,0.72784,7.5705,-0.56982,-0.25857,-8.0014
-0.13886,0.48363,7.6854,-0.50278,0.0047884,-8.1882,0.043096,0.67995,7.7907,-0.49321,-0.0047884,-8.3318
-0.067038,0.89543,8.2744,-0.85234,-0.13886,-8.7245,0.10056,1.0487,8.3797,-0.8667,-0.16759,-8.8202
0.58897,0.79009,9.0453,-0.76614,-0.84755,-9.4523,0.79966,0.97205,9.1602,-0.77093,-0.81403,-9.6774
0.51715,0.93374,9.9216,-0.92416,-0.7422,-10.429,0.6608,1.0439,10.046,-0.91459,-0.69432,-10.487
1.1588,1.1684,10.702,-1.1875,-1.3408,-11.234,1.3886,1.2881,10.975,-1.1205,-1.3982,-11.382
1.336,1.087,11.052,-1.0151,-1.5227,-11.473,1.5179,1.245,11.205,-1.0199,-1.5083,-11.564
0.75178,0.83318,11.032,-0.82361,-0.90501,-11.559,1.0439,1.0056,11.272,-0.85234,-0.98162,-11.76
0.14365,0.9098,11.234,-0.8667,-0.4118,-11.583,0.29688,1.0343,11.372,-0.88107,-0.32561,-11.813
2.5762,0.99599,10.985,-0.98641,-2.8539,-11.425,2.7294,1.1923,11.138,-1.0056,-2.7821,-11.564
2.5953,0.52194,10.209,-0.48842,-2.7725,-10.487,2.8443,0.65122,10.238,-0.46448,-2.7725,-10.645
1.1732,0.93853,9.1937,-0.92895,-1.3791,-9.6486,1.3982,1.1109,9.3278,-0.91459,-1.3791,-9.7252
0.91459,0.98162,9.2799,-0.97683,-1.1684,-9.6965,1.0343,1.1971,9.3422,-1.0104,-1.063,-9.8306
2.4804,1.0487,9.256,-1.0439,-2.6432,-9.7252,2.5474,1.2115,9.3374,-1.0487,-2.6336,-9.7923
2.5522,0.7039,8.9974,-0.7039,-2.6767,-9.3613,2.7342,0.86191,9.1075,-0.70868,-2.6815,-9.5002
1.8435,0.80924,8.576,-0.80924,-2.0542,-8.9974,2.0207,0.97205,8.6191,-0.83797,-1.9728,-9.1459
1.6903,0.41659,8.2361,-0.39744,-1.8675,-8.6,1.7861,0.55545,8.3893,-0.37828,-1.7957,-8.8155
1.8818,0.39744,8.2121,-0.4118,-2.0303,-8.6479,2.0446,0.54109,8.3749,-0.42617,-2.0063,-8.849
1.245,0.54109,7.9679,-0.52194,-1.4174,-8.3893,1.3647,0.69911,8.1259,-0.53151,-1.3982,-8.6383
0.94332,0.45969,8.0158,-0.46448,-1.1253,-8.4515,1.0295,0.64165,8.0972,-0.46448,-1.0822,-8.6
0.56024,0.93853,8.5712,-0.96247,-0.79487,-8.9783,0.77093,1.1732,8.6814,-0.92416,-0.70868,-9.1267
1.3024,1.2067,9.6391,-1.1779,-1.5131,-10.104,1.4796,1.3455,9.8689,-1.2067,-1.4605,-10.3
1.8723,1.0199,10.171,-1.0056,-2.0734,-10.611,2.0351,1.2019,10.386,-1.0391,-2.0207,-10.874
2.2362,1.3072,10.08,-1.2977,-2.4421,-10.506,2.4134,1.4413,10.161,-1.2354,-2.3846,-10.678
0.057461,1.4509,10.041,-1.4174,-0.18675,-10.549,0.11013,1.6328,10.305,-1.4413,-0.28252,-10.649
-0.19154,1.5275,10.894,-1.5227,-0.11492,-11.42,0.067038,1.719,11.018,-1.5323,0.0047884,-11.526
2.6432,1.1971,10.525,-1.1875,-2.8491,-10.894,2.8491,1.3216,10.582,-1.2067,-2.7725,-11.09
2.1069,0.0047884,10.18,0.038307,-2.332,-10.568,2.2601,0.17717,10.262,-0.0095768,-2.3176,-10.721
1.0965,0.10534,9.5193,-0.033519,-1.2785,-9.9455,1.2306,0.22027,9.6343,-0.038307,-1.2977,-10.123
0.33519,-0.19154,9.4092,0.21069,-0.55067,-9.8019,0.46448,-0.02873,9.5624,0.2059,-0.52672,-10.051
1.3743,0.26336,9.3374,-0.26815,-1.6137,-9.6917,1.5275,0.46926,9.4284,-0.19632,-1.5083,-9.9647
2.0446,1.5706,8.6957,-1.5514,-2.1835,-9.0884,2.2936,1.743,8.8202,-1.5802,-2.2505,-9.3565
0.73741,1.312,8.1882,-1.3024,-0.97683,-8.5569,0.91459,1.4988,8.3079,-1.3647,-0.95289,-8.7771
-0.55067,0.86191,7.9104,-0.90022,0.32082,-8.3031,-0.44053,1.0343,8.0493,-0.91937,0.36871,-8.5042
-0.10534,0.80924,8.1547,-0.83797,-0.11492,-8.5569,0.038307,1.0582,8.2648,-0.8667,-0.014365,-8.7053
0.63686,1.1109,8.3175,-1.1349,-0.81403,-8.6957,0.83797,1.2737,8.5138,-1.1396,-0.85712,-8.9878
-0.16759,0.64165,8.4228,-0.71347,-0.067038,-8.8969,-0.014365,0.88107,8.5904,-0.69911,-0.052672,-9.1171
-0.057461,0.82361,9.3087,-0.82839,-0.14844,-9.754,0.18196,0.9912,9.5529,-0.76614,-0.15323,-9.9742
0.99599,1.1732,10.271,-1.1779,-1.1636,-10.673,1.1205,1.403,10.391,-1.1827,-1.1253,-10.831
2.1691,1.4126,11.052,-1.4174,-2.3798,-11.487,2.3942,1.5323,11.114,-1.4269,-2.2984,-11.602
2.4421,1.2067,11.214,-1.2402,-2.6576,-11.602,2.6336,1.403,11.253,-1.2737,-2.6528,-11.76
0.26815,0.72305,11.037,-0.72305,-0.56024,-11.521,0.47884,0.87628,11.272,-0.69911,-0.50278,-11.665
0.74699,1.1971,11.013,-1.2641,-1.0678,-11.449,1.0008,1.4748,11.152,-1.221,-0.98641,-11.688
2.0351,1.6472,10.568,-1.6185,-2.2841,-10.965,2.2266,1.8244,10.645,-1.6281,-2.15,-11.095
1.8818,1.3647,9.7683,-1.312,-2.0016,-10.18,2.0303,1.4892,9.8019,-1.312,-2.0303,-10.285
1.0391,1.4796,9.1363,-1.4365,-1.1923,-9.6391,1.2594,1.6807,9.3278,-1.5036,-1.2258,-9.7205
0.77093,1.1205,8.8442,-1.0822,-1.0247,-9.2273,1.0151,1.312,8.9543,-1.0965,-0.97205,-9.3805
1.3503,0.88585,8.576,-0.85234,-1.5993,-9.0022,1.5131,1.0295,8.691,-0.88107,-1.4892,-9.1602
1.6951,0.50757,8.4084,-0.48842,-1.901,-8.8155,1.7765,0.64643,8.6191,-0.51236,-1.81,-9.007
1.4317,0.31603,8.2169,-0.33519,-1.5467,-8.5425,1.4892,0.45011,8.2456,-0.32082,-1.4988,-8.7628
0.9098,0.36871,8.0014,-0.31125,-1.0295,-8.3941,1.0104,0.5363,8.1307,-0.38786,-1.0391,-8.6
0.15323,0.15802,8.1403,-0.18196,-0.31125,-8.5808,0.26336,0.30646,8.3318,-0.15802,-0.30646,-8.8394
0.47405,0.60334,8.6574,-0.60813,-0.75657,-9.1315,0.64165,0.76614,8.8969,-0.56024,-0.63207,-9.323
1.1157,0.99599,9.2799,-1.0008,-1.3072,-9.7157,1.2546,1.1875,9.3948,-0.97205,-1.2498,-9.8593
1.5131,1.1205,9.9407,-1.1109,-1.7334,-10.333,1.6951,1.2785,10.06,-1.1205,-1.6616,-10.515
1.8675,1.4126,10.329,-1.403,-2.1165,-10.87,2.1069,1.5562,10.463,-1.3982,-2.0686,-10.908
1.9297,1.4796,10.386,-1.4892,-2.1596,-10.697,2.1644,1.6424,10.439,-1.4748,-2.1404,-10.951
1.968,1.312,10.036,-1.2881,-2.1931,-10.41,2.1308,1.5275,10.113,-1.3024,-2.1308,-10.649
0.047884,1.0582,10.137,-1.0104,-0.16281,-10.597,0.13886,1.1827,10.348,-1.0104,-0.22027,-10.846
-0.27294,1.0582,10.645,-1.0343,-0.10534,-11.133,0.0047884,1.245,10.683,-1.0534,0.076614,-11.262
1.5802,0.71826,10.396,-0.72305,-1.8387,-10.783,1.8148,0.8667,10.554,-0.7039,-1.7621,-11.037
1.8771,-0.10056,9.7731,0.19154,-2.1308,-10.099,2.059,0.0047884,9.9168,0.1245,-2.1213,-10.357
1.1444,-0.50278,9.4715,0.49321,-1.336,-9.845,1.312,-0.30646,9.5672,0.50757,-1.3408,-10.027
1.3264,-0.19154,9.1889,0.19154,-1.5467,-9.6438,1.4605,-0.057461,9.4236,0.20111,-1.4748,-9.8066
2.2266,0.67038,8.8585,-0.7039,-2.4373,-9.3326,2.4612,0.89064,9.0214,-0.7039,-2.4469,-9.4906
1.7142,1.2689,8.1403,-1.2306,-1.8387,-8.5617,1.8531,1.4269,8.2025,-1.2785,-1.8818,-8.7484
0.53151,0.85234,7.6806,-0.88585,-0.71826,-8.1355,0.64165,1.0965,7.7716,-0.91459,-0.6608,-8.2744
0.14844,0.68474,7.9152,-0.64643,-0.34955,-8.3845,0.31603,0.8667,8.1307,-0.6608,-0.30646,-8.5569
0.095768,0.40701,8.4467,-0.38786,-0.30646,-8.9495,0.27294,0.61292,8.6335,-0.43096,-0.23463,-9.0453
0.39265,0.35434,8.825,-0.30167,-0.54588,-9.2273,0.52672,0.50757,8.9783,-0.3304,-0.54109,-9.505
0.54588,0.65122,9.347,-0.72784,-0.73741,-9.8306,0.76614,0.86191,9.4954,-0.61292,-0.76614,-9.8785
0.61292,0.87149,9.912,-0.85712,-0.85234,-10.353,0.84755,1.063,10.089,-0.87149,-0.86191,-10.511
1.3168,1.2833,10.592,-1.2546,-1.5323,-11.119,1.5706,1.4796,10.736,-1.2785,-1.5658,-11.176
1.5131,1.2498,10.544,-1.2258,-1.7669,-11.018,1.743,1.4413,10.669,-1.2354,-1.7573,-11.047
1.0965,1.4174,10.041,-1.3695,-1.2977,-10.539,1.2641,1.5658,10.137,-1.4222,-1.2833,-10.654
-0.41659,1.1779,10.314,-1.2019,0.21069,-10.688,-0.25857,1.3743,10.376,-1.1875,0.23942,-10.908
0.87149,1.4365,10.463,-1.3934,-1.1061,-10.965,1.0582,1.6185,10.645,-1.4509,-0.98641,-11.162
2.9401,1.4892,10.281,-1.4988,-3.1508,-10.721,3.146,1.6472,10.448,-1.4892,-3.0311,-10.87
3.2034,2.2122,9.6534,-2.1931,-3.4429,-10.065,3.4285,2.332,9.7157,-2.2218,-3.4429,-10.228
1.7095,2.1596,9.1602,-2.1548,-1.9393,-9.5289,1.8914,2.3272,9.256,-2.1644,-1.968,-9.7109
2.0063,1.8435,8.8729,-1.834,-2.1452,-9.2991,2.1644,2.0399,8.9447,-1.8818,-2.1261,-9.4619
2.1308,1.2402,8.7676,-1.2354,-2.3367,-9.256,2.2745,1.4269,8.8346,-1.2737,-2.2936,-9.4475
1.8866,0.87628,8.5808,-0.89064,-2.1452,-8.9399,2.0159,1.087,8.6431,-0.89064,-2.0686,-9.2177
1.8148,0.76136,8.2791,-0.79487,-1.9728,-8.8155,1.9058,0.92416,8.4611,-0.7853,-1.9201,-8.8873
1.154,0.88585,8.2504,-0.88585,-1.3503,-8.6095,1.3264,1.0678,8.3318,-0.89064,-1.3312,-8.7867
1.0822,1.3312,8.0828,-1.3455,-1.3168,-8.5329,1.2737,1.5083,8.1642,-1.312,-1.2354,-8.6095
0.98641,1.1779,8.3558,-1.1492,-1.1875,-8.8202,1.154,1.3599,8.4994,-1.2115,-1.1636,-9.0501
0.73741,1.2929,9.0501,-1.2689,-0.96247,-9.5146,0.84276,1.4509,9.1459,-1.2689,-0.85234,-9.6151
1.6233,1.5275,9.9072,-1.5179,-1.7957,-10.266,1.7573,1.7526,9.9503,-1.5179,-1.6759,-10.41
1.9872,1.3551,10.463,-1.3312,-2.2649,-10.86,2.2075,1.4988,10.602,-1.3791,-2.2505,-11.095
1.6041,1.403,10.348,-1.3743,-1.81,-10.75,1.7909,1.5562,10.396,-1.3599,-1.7957,-10.86
-0.2873,0.77093,10.731,-0.78051,0.019154,-11.258,-0.11013,0.98162,10.918,-0.84755,0.043096,-11.372
0.88107,0.44532,11.296,-0.45969,-1.0965,-11.765,1.0008,0.61292,11.554,-0.44053,-0.96726,-11.981
3.4429,0.63207,10.889,-0.62728,-3.6583,-11.267,3.6344,0.7853,11.004,-0.58897,-3.5913,-11.507
3.122,0.60334,10.094,-0.55067,-3.3423,-10.544,3.3758,0.7422,10.19,-0.63686,-3.395,-10.649
1.3072,0.58897,9.3805,-0.58419,-1.5467,-9.8689,1.5467,0.79009,9.5241,-0.55545,-1.5945,-10.008
1.1971,1.3216,9.098,-1.2689,-1.4844,-9.4906,1.4844,1.5467,9.1698,-1.2785,-1.4748,-9.6103
2.0111,2.0111,8.6479,-2.0016,-2.1644,-9.0453,2.1596,2.1979,8.7053,-2.0159,-2.1931,-9.1985
1.3886,1.8627,8.1451,-1.8244,-1.5658,-8.6191,1.5323,2.0111,8.2696,-1.8627,-1.5371,-8.8059
0.20111,1.2929,7.6662,-1.2546,-0.42138,-8.1738,0.32082,1.4461,7.8721,-1.2354,-0.3735,-8.3414
-0.052672,0.81882,7.7812,-0.79966,-0.13408,-8.2791,0.10534,0.96726,8.0014,-0.77093,-0.086191,-8.4946
0.26336,0.7853,7.9344,-0.7422,-0.47405,-8.4659,0.44532,0.92416,8.169,-0.77572,-0.43574,-8.5665
0.38307,0.38307,8.4276,-0.3735,-0.6177,-8.9399,0.52672,0.58419,8.6191,-0.3735,-0.48842,-9.0118
0.79966,0.4118,9.0214,-0.42138,-1.0151,-9.4906,0.99599,0.60813,9.1123,-0.40701,-0.9912,-9.5768
1.5658,1.1061,9.821,-1.1301,-1.7909,-10.281,1.7621,1.2689,9.9886,-1.0487,-1.719,-10.444
1.8483,1.47,10.319,-1.4461,-2.0542,-10.693,2.0638,1.6424,10.415,-1.4461,-2.0303,-10.874
1.4174,1.4461,10.099,-1.4174,-1.6137,-10.515,1.5754,1.6233,10.166,-1.4796,-1.5897,-10.669
0.20111,1.2594,10.185,-1.2594,-0.3735,-10.649,0.33519,1.4174,10.309,-1.1923,-0.3735,-10.783
0.38307,0.8667,10.367,-0.84276,-0.64643,-10.884,0.56982,1.0439,10.554,-0.84755,-0.58419,-11.018
2.0016,1.403,10.429,-1.4365,-2.2458,-10.86,2.1835,1.5754,10.539,-1.3838,-2.1548,-11.047
3.2034,2.6671,9.6486,-2.6528,-3.3567,-10.094,3.462,2.8347,9.6965,-2.624,-3.4285,-10.252
1.7382,2.3272,8.983,-2.2936,-1.8914,-9.4188,1.9058,2.4134,9.1075,-2.2984,-1.9345,-9.5864
0.65601,2.0111,8.6095,-2.0063,-0.9098,-9.074,0.85234,2.1883,8.6862,-2.0063,-0.86191,-9.2129
1.4748,1.992,8.5186,-1.9201,-1.719,-8.9591,1.6807,2.1213,8.6766,-1.9393,-1.6472,-9.1554
1.9154,1.7526,8.8298,-1.7047,-2.083,-9.2751,2.0686,1.8675,8.9687,-1.7621,-2.0399,-9.4571
1.743,1.7095,8.7101,-1.7142,-1.9058,-9.1459,1.8866,1.901,8.8059,-1.6951,-1.8675,-9.2464
1.9632,1.8866,8.8202,-1.8387,-2.1452,-9.2895,2.15,2.0686,8.9878,-1.8866,-2.0973,-9.4667
1.7669,1.8866,8.7197,-1.81,-1.9249,-9.1267,1.9106,2.0255,8.8107,-1.8579,-1.9154,-9.3757
1.6281,1.7095,8.6622,-1.7334,-1.81,-9.1363,1.7909,1.9058,8.758,-1.719,-1.8148,-9.232
1.4605,1.5323,8.6574,-1.4988,-1.6759,-9.1842,1.5897,1.6376,8.8059,-1.4988,-1.561,-9.3087
1.81,1.834,9.0261,-1.8292,-2.0111,-9.4284,1.968,2.0494,9.0644,-1.8483,-1.9632,-9.6295
1.4844,1.9776,9.3996,-1.9824,-1.7047,-9.8833,1.6951,2.1404,9.4379,-1.9441,-1.6807,-9.9359
2.0255,2.3176,9.7971,-2.3367,-2.2601,-10.195,2.2218,2.5235,9.9455,-2.3272,-2.1644,-10.434
0.55545,1.7047,10.19,-1.6903,-0.77572,-10.63,0.75657,1.901,10.348,-1.7382,-0.80445,-10.755
1.6855,1.1301,10.53,-1.154,-1.9297,-11.013,1.8818,1.3072,10.788,-1.1492,-1.8579,-11.229
3.2753,1.2067,10.477,-1.2115,-3.4907,-10.985,3.5243,1.3743,10.582,-1.1588,-3.4716,-10.994
2.4804,1.4653,9.979,-1.4365,-2.7102,-10.477,2.7198,1.6089,10.175,-1.4078,-2.7485,-10.683
1.154,1.6376,10.094,-1.561,-1.3072,-10.453,1.336,1.7573,10.127,-1.6616,-1.3934,-10.621
0.98641,2.1596,9.5433,-2.083,-1.1588,-9.9647,1.1492,2.2984,9.6678,-2.0446,-1.1349,-10.127
1.4317,1.9345,9.0261,-1.9106,-1.5658,-9.5002,1.5562,2.0925,9.1506,-1.9297,-1.5419,-9.7013
0.9481,1.6328,8.442,-1.6137,-1.1157,-8.8394,1.0534,1.7669,8.6143,-1.6185,-1.0774,-9.074
1.3982,1.5514,8.5856,-1.494,-1.5371,-9.0166,1.5897,1.6664,8.691,-1.5083,-1.5802,-9.1937
0.67516,1.5179,8.4898,-1.494,-0.91459,-9.0118,0.88585,1.6807,8.5712,-1.4844,-0.92895,-9.1459
1.0391,1.2881,8.9543,-1.2689,-1.312,-9.3422,1.2019,1.4461,9.0788,-1.2689,-1.2354,-9.5481
2.1213,1.4653,9.2847,-1.4365,-2.3272,-9.6199,2.3367,1.6376,9.3757,-1.4605,-2.3559,-9.8737
1.992,1.4461,9.1459,-1.4078,-2.1787,-9.596,2.2314,1.5802,9.2847,-1.403,-2.1739,-9.8162
1.4365,1.3934,8.9783,-1.3743,-1.6568,-9.4858,1.6281,1.5323,9.1506,-1.3455,-1.6185,-9.6917
1.2402,1.4509,8.8538,-1.3838,-1.4174,-9.3039,1.4078,1.561,9.007,-1.3551,-1.3886,-9.4475
1.5131,1.1396,9.1937,-1.1779,-1.7238,-9.6151,1.6328,1.336,9.3039,-1.1396,-1.6041,-9.8354
0.81403,1.0726,9.323,-1.0487,-1.0056,-9.8497,1.0104,1.2594,9.505,-1.0199,-0.97683,-9.9551
0.94332,1.1779,9.8881,-1.1396,-1.2354,-10.396,1.1636,1.3647,10.099,-1.1588,-1.1492,-10.587
2.8252,2.0638,10.156,-2.0925,-3.0215,-10.582,2.9449,2.2027,10.204,-2.0303,-2.8635,-10.616
3.6823,2.6384,9.5864,-2.6624,-3.8403,-9.9407,3.8882,2.8012,9.6199,-2.6576,-3.8547,-10.204
2.0638,2.2553,8.9543,-2.241,-2.3032,-9.4427,2.2984,2.4517,9.0549,-2.2889,-2.3511,-9.4619
1.7047,1.7621,8.825,-1.7717,-1.9728,-9.3422,1.9106,1.9297,8.9926,-1.7909,-1.9297,-9.5241
1.8914,1.5227,8.9447,-1.5036,-2.1261,-9.4332,2.1021,1.6855,9.0357,-1.5467,-2.1213,-9.5577
2.2889,1.2737,9.3039,-1.2689,-2.4469,-9.7205,2.4086,1.4653,9.3948,-1.2881,-2.3559,-9.9072
2.4469,1.0774,9.3278,-1.0439,-2.6193,-9.8881,2.5953,1.221,9.481,-1.0199,-2.5666,-9.8881
2.2601,1.1779,9.5098,-1.1732,-2.4565,-9.8928,2.4181,1.3791,9.6295,-1.1732,-2.4421,-10.108
1.9154,1.4317,9.2991,-1.3455,-2.1261,-9.8162,2.1261,1.6137,9.3996,-1.3647,-2.0494,-9.9168
1.7095,1.8004,9.1794,-1.7526,-1.8962,-9.6343,1.9154,1.8866,9.3087,-1.7095,-1.8483,-9.8162
1.7621,2.3032,9.2512,-2.3128,-1.992,-9.6965,1.9776,2.4469,9.4044,-2.2936,-1.968,-9.9264
1.4892,2.3367,9.1123,-2.2745,-1.6903,-9.5577,1.6328,2.4995,9.1937,-2.2936,-1.5945,-9.7157
1.1109,2.2122,9.2129,-2.1883,-1.3072,-9.7252,1.2977,2.3559,9.2225,-2.1883,-1.3072,-9.7971
1.1732,2.3942,9.5768,-2.2601,-1.4605,-9.9934,1.3791,2.4948,9.6391,-2.3224,-1.3838,-10.151
1.6759,1.8148,9.8928,-1.8483,-1.9537,-10.405,1.8962,1.9872,10.084,-1.8387,-1.8818,-10.549
1.6807,1.2402,10.084,-1.2163,-1.8675,-10.587,1.8818,1.4174,10.262,-1.2019,-1.8627,-10.779
0.56982,0.95768,10.285,-0.9912,-0.76614,-10.625,0.72784,1.1301,10.439,-0.98162,-0.7422,-10.946
1.6328,1.2881,10.247,-1.2833,-1.9632,-10.712,1.8723,1.4365,10.376,-1.2737,-1.8244,-10.879
2.9592,1.6472,9.8066,-1.6903,-3.1939,-10.247,3.2226,1.7861,9.9216,-1.652,-3.1508,-10.444
1.7286,1.719,8.983,-1.6472,-1.8723,-9.4427,1.901,1.8387,9.0118,-1.6759,-1.9249,-9.6486
0.3304,0.9912,8.6814,-0.98641,-0.47884,-9.1602,0.41659,1.1684,8.8442,-0.91937,-0.39744,-9.2656
0.11971,0.42138,8.8346,-0.46926,-0.43096,-9.2991,0.31125,0.66559,8.9687,-0.45011,-0.41659,-9.4619
1.4605,0.85234,9.0405,-0.88585,-1.6664,-9.5624,1.6328,1.0534,9.2847,-0.89543,-1.719,-9.7205
1.8675,0.98162,9.2656,-0.94332,-2.0782,-9.6486,2.0925,1.1444,9.3805,-0.95768,-2.0494,-9.7636
1.0487,0.85234,8.7436,-0.83318,-1.2641,-9.2129,1.2498,1.0199,8.8538,-0.88107,-1.2019,-9.3613
0.17238,0.66559,8.3749,-0.61292,-0.26815,-8.849,0.32561,0.79487,8.509,-0.64165,-0.22984,-9.074
0.11013,0.4549,8.3845,-0.41659,-0.33519,-8.8633,0.25379,0.65601,8.6431,-0.45969,-0.30167,-9.0357
0.79966,0.92895,8.7771,-0.93374,-1.0056,-9.2273,0.95289,1.0822,8.9112,-0.93853,-0.96726,-9.4092
1.0199,1.0151,9.1746,-0.99599,-1.1779,-9.5624,1.1875,1.2594,9.232,-0.95289,-1.1444,-9.7157
1.2115,1.0918,9.2368,-1.1157,-1.403,-9.8066,1.3455,1.2689,9.3757,-1.1396,-1.3647,-9.8976
1.5179,1.2785,9.5624,-1.2689,-1.7382,-10.137,1.6807,1.4461,9.7348,-1.2641,-1.7286,-10.252
1.8914,0.98162,9.8881,-0.95768,-2.083,-10.305,2.0734,1.1492,10.032,-0.98162,-2.0446,-10.558
1.5993,0.6608,9.9503,-0.60334,-1.8196,-10.41,1.8531,0.79966,10.142,-0.62249,-1.7382,-10.554
0.21548,0.67038,9.8019,-0.68474,-0.4118,-10.372,0.39744,0.85234,10.08,-0.71347,-0.36392,-10.563
1.0199,0.96247,10.094,-0.98162,-1.2546,-10.539,1.154,1.1396,10.166,-0.95289,-1.2163,-10.76
2.6528,0.65122,10.4,-0.60813,-2.873,-10.764,2.8299,0.82361,10.496,-0.68953,-2.8156,-11.013
2.4517,1.47,9.5672,-1.47,-2.6145,-10.022,2.6193,1.5897,9.6486,-1.4557,-2.6145,-10.175
1.3838,1.8435,9.3039,-1.8004,-1.5993,-9.8881,1.5945,2.0446,9.3901,-1.8292,-1.4796,-9.7492
0.84755,1.585,8.916,-1.5467,-1.0151,-9.414,0.96726,1.7142,9.0261,-1.5131,-0.96726,-9.505
1.7286,1.2067,9.1028,-1.1923,-2.0111,-9.5816,1.8914,1.3886,9.1794,-1.1827,-1.9249,-9.7492
2.15,1.2258,9.165,-1.1779,-2.4038,-9.6486,2.3607,1.3599,9.232,-1.1875,-2.3272,-9.7109
1.8675,1.1732,9.0405,-1.1349,-2.0303,-9.505,2.0399,1.3264,9.2225,-1.1684,-1.9824,-9.73
1.2402,1.2546,8.8107,-1.2402,-1.3982,-9.2368,1.4653,1.4126,8.8681,-1.2498,-1.3791,-9.3757
1.1444,1.1109,8.7053,-1.0582,-1.3072,-9.1315,1.3072,1.2067,8.9016,-1.1061,-1.2115,-9.323
1.5323,1.3455,9.2225,-1.3838,-1.7286,-9.6678,1.6807,1.5275,9.3278,-1.4174,-1.652,-9.7779
1.4653,1.3743,9.0261,-1.3838,-1.6759,-9.4619,1.6233,1.5562,9.165,-1.4222,-1.6185,-9.663
1.3503,1.6089,9.2464,-1.5562,-1.5945,-9.7779,1.6041,1.8148,9.4044,-1.5706,-1.561,-9.9407
1.0343,1.9058,9.5241,-1.9058,-1.1732,-10.08,1.2115,2.0686,9.596,-1.8818,-1.1636,-10.104
1.4461,2.1069,9.7396,-2.1069,-1.5754,-10.223,1.5275,2.241,9.7588,-2.0494,-1.585,-10.348
1.9824,1.6951,10.214,-1.6664,-2.1979,-10.669,2.1452,1.9201,10.319,-1.6807,-2.217,-10.865
2.2027,1.6185,10.266,-1.5754,-2.4277,-10.64,2.4421,1.6999,10.353,-1.5993,-2.3894,-10.889
1.4126,1.7765,10.324,-1.7621,-1.6233,-10.712,1.6903,1.9489,10.348,-1.7861,-1.5562,-10.812
0.16759,1.9201,10.309,-1.8866,-0.34477,-10.827,0.3304,2.1021,10.515,-1.9632,-0.32561,-11.004
1.3216,1.8771,10.439,-1.8483,-1.5131,-10.855,1.4509,2.0877,10.472,-1.8771,-1.5227,-11.056
1.7286,1.6951,9.8019,-1.6712,-1.9776,-10.262,2.0494,1.834,9.8402,-1.6664,-1.9249,-10.396
0.49321,0.99599,8.9543,-0.93374,-0.76614,-9.4044,0.78051,1.1779,8.9974,-0.92895,-0.7422,-9.4906
-0.30167,0.43096,8.7005,-0.4549,0.09098,-9.1746,-0.095768,0.6608,8.7819,-0.46448,0.09098,-9.2512
0.11013,0.59376,8.7915,-0.56503,-0.30167,-9.2751,0.20111,0.76614,9.0549,-0.56503,-0.30167,-9.4188
1.2881,1.1157,8.7963,-1.0582,-1.4844,-9.2368,1.4509,1.2737,8.8777,-1.0965,-1.4796,-9.4092
0.95289,0.98162,8.4084,-0.96247,-1.154,-8.9447,1.0918,1.1444,8.5138,-0.98162,-1.1636,-9.0692
0.57461,0.91459,8.4132,-0.90501,-0.79966,-8.8969,0.7039,1.1061,8.4515,-0.94332,-0.70868,-8.9878
0.36392,0.83318,8.2313,-0.84755,-0.52672,-8.7245,0.47405,1.0343,8.327,-0.82361,-0.50757,-8.8538
0.60813,0.64643,8.4228,-0.67038,-0.80924,-8.9495,0.79009,0.83797,8.5808,-0.66559,-0.77572,-9.1315
0.66559,0.74699,8.6335,-0.7422,-0.82361,-9.0261,0.75178,0.91937,8.8011,-0.73263,-0.78051,-9.2129
0.73741,0.99599,8.849,-0.96247,-0.9912,-9.2703,0.96726,1.1636,9.007,-0.99599,-1.0199,-9.4475
1.1875,1.1444,9.2943,-1.0774,-1.4605,-9.7971,1.5036,1.2498,9.4092,-1.0726,-1.5036,-9.979
1.8292,1.1588,9.8354,-1.1827,-2.0734,-10.372,2.0877,1.3695,10.036,-1.154,-2.1117,-10.515
2.4038,0.34955,10.673,-0.3304,-2.624,-11.128,2.6001,0.46448,10.803,-0.25857,-2.557,-11.291
0.77572,-0.11971,10.745,0.052672,-1.0343,-11.349,0.98641,0.062249,10.98,0.062249,-1.0104,-11.406
1.312,0.18675,10.956,-0.18675,-1.5754,-11.425,1.5514,0.3735,11.176,-0.16759,-1.585,-11.593
2.5953,0.53151,10.592,-0.51715,-2.8539,-11.095,2.8443,0.70868,10.673,-0.50757,-2.7821,-11.2
2.715,0.62728,10.003,-0.62728,-2.9018,-10.539,2.8539,0.79966,10.151,-0.64165,-2.8778,-10.664
1.7573,1.2258,9.2129,-1.2163,-1.8818,-9.6199,1.8627,1.3934,9.1554,-1.2115,-1.834,-9.7061
0.79009,1.3168,8.5329,-1.2977,-1.0295,-8.9495,0.9098,1.4509,8.5904,-1.2881,-0.95289,-9.1315
1.6999,1.1444,8.5569,-1.154,-1.9393,-8.983,1.9106,1.336,8.6048,-1.1875,-1.8818,-9.2081
2.4277,1.221,8.6383,-1.1875,-2.5857,-9.0261,2.4708,1.4078,8.7532,-1.2163,-2.4804,-9.2129
1.992,1.5945,8.7005,-1.5514,-2.2889,-9.1698,2.2505,1.743,8.7963,-1.5658,-2.2362,-9.2416
1.7334,1.5514,8.4707,-1.4892,-1.9058,-8.916,1.9345,1.6712,8.5186,-1.4796,-1.9345,-8.9543
1.7286,1.1013,8.509,-1.0534,-1.8531,-8.9926,1.9154,1.2594,8.5569,-1.0487,-1.8627,-9.0309
1.2163,1.4126,7.9823,-1.4126,-1.3886,-8.4659,1.4222,1.5467,8.169,-1.3599,-1.4174,-8.7197
1.2977,1.245,8.4707,-1.2881,-1.4796,-9.0597,1.4461,1.4126,8.7053,-1.2737,-1.3791,-9.1937
1.1827,0.76136,8.8681,-0.7853,-1.3455,-9.3613,1.2881,0.95289,8.9878,-0.83318,-1.2977,-9.4906
1.6568,1.0247,9.6295,-1.0295,-1.8435,-10.147,1.7861,1.2067,9.8066,-1.063,-1.7669,-10.348
1.8292,1.0008,10.104,-1.0343,-2.0255,-10.702,1.9489,1.1636,10.324,-0.9912,-1.9537,-10.865
1.6616,0.95289,10.281,-1.0199,-1.8579,-10.721,1.8435,1.1875,10.424,-1.0008,-1.7957,-10.942
1.1779,0.60334,10.281,-0.60813,-1.3934,-10.755,1.3408,0.76614,10.477,-0.62728,-1.3886,-11.004
-0.023942,0.16281,10.496,-0.17238,-0.22505,-11.061,0.12929,0.39744,10.702,-0.16281,-0.16281,-11.2
1.8052,1.4317,10.424,-1.4509,-2.0111,-10.913,2.0686,1.6376,10.539,-1.4317,-2.0351,-11.076
2.8491,1.4509,9.8737,-1.4653,-3.0885,-10.372,3.0598,1.6041,9.9647,-1.3982,-3.0167,-10.558
2.0303,1.2546,9.1267,-1.2019,-2.1883,-9.6007,2.2027,1.3408,9.1411,-1.2258,-2.1261,-9.7157
1.1013,0.88107,8.983,-0.89543,-1.2641,-9.5241,1.2546,1.0487,9.1459,-0.88585,-1.2641,-9.6055
0.87628,0.67038,8.6814,-0.60813,-1.0726,-9.0932,1.0726,0.7853,8.7819,-0.64643,-1.0918,-9.2656
1.9058,1.0534,8.6287,-1.0247,-2.1356,-9.098,2.1308,1.2019,8.8394,-1.0487,-2.083,-9.2895
1.5754,1.4269,8.4276,-1.3934,-1.81,-8.8777,1.7382,1.5467,8.4803,-1.3599,-1.7047,-9.0453
1.3024,1.3168,8.3558,-1.2689,-1.4748,-8.7532,1.5036,1.4844,8.5234,-1.312,-1.5036,-8.9016
0.91459,0.88585,8.667,-0.91459,-1.1013,-9.165,1.0918,1.0295,8.7915,-0.87149,-1.087,-9.3134
0.35434,0.66559,8.4611,-0.67995,-0.63686,-8.9352,0.56024,0.82839,8.6287,-0.64643,-0.52672,-9.1554
0.87628,0.72784,8.8346,-0.75178,-1.0774,-9.3518,1.1013,0.9098,9.0022,-0.76614,-1.0678,-9.4236
0.97683,0.84755,9.0549,-0.84755,-1.1444,-9.5146,1.1396,1.0534,9.1889,-0.93853,-1.0774,-9.7109
0.80445,0.83318,9.414,-0.81882,-0.98162,-9.9168,0.9481,0.97683,9.572,-0.77093,-0.92895,-10.08
1.2402,0.82361,10.281,-0.78051,-1.4605,-10.803,1.4509,0.97683,10.463,-0.81882,-1.4748,-10.898
1.4988,0.81882,10.568,-0.79487,-1.7047,-11.032,1.6951,0.98162,10.64,-0.77572,-1.6568,-11.253
0.4549,0.7422,10.898,-0.71347,-0.69911,-11.32,0.6608,0.91937,10.946,-0.75178,-0.66559,-11.502
0.64643,0.83318,11.205,-0.76614,-0.87628,-11.717,0.81403,0.99599,11.396,-0.84276,-0.82839,-11.866
1.7909,1.3695,10.98,-1.312,-1.9872,-11.459,1.9297,1.5179,11.119,-1.3503,-1.9537,-11.679
2.083,1.8531,10.123,-1.8148,-2.2697,-10.568,2.2793,2.0159,10.195,-1.8052,-2.2122,-10.736
1.0582,1.8052,9.256,-1.7813,-1.2641,-9.7731,1.2258,1.9249,9.3565,-1.7573,-1.2115,-9.8689
0.8667,1.3503,8.7388,-1.3743,-1.063,-9.323,1.087,1.561,8.8921,-1.3695,-1.0439,-9.3948
1.4078,1.1301,8.3797,-1.0726,-1.5514,-8.9112,1.5754,1.2498,8.5186,-1.1253,-1.5131,-9.0357
1.6089,0.76136,8.5138,-0.77093,-1.8148,-8.8969,1.7669,0.9481,8.5665,-0.76136,-1.7861,-9.1315
1.8962,0.67038,8.7197,-0.69911,-2.0542,-9.1698,2.0351,0.87149,8.8155,-0.69432,-2.0399,-9.3278
1.4892,0.62249,8.5234,-0.59376,-1.6855,-9.0597,1.6281,0.77093,8.7197,-0.56503,-1.6424,-9.1794
0.93853,0.89543,8.4132,-0.91937,-1.1636,-8.9591,1.1444,1.1205,8.6191,-0.96247,-1.1588,-9.0788
0.76614,1.2689,8.4611,-1.2833,-0.92416,-9.007,0.94332,1.4844,8.6622,-1.3312,-0.86191,-9.1363
0.77572,1.47,8.6814,-1.4461,-0.96726,-9.1267,0.94332,1.6233,8.7149,-1.4461,-0.9481,-9.2656
1.2881,1.5179,9.1315,-1.4988,-1.4365,-9.6774,1.4317,1.6855,9.2416,-1.4892,-1.3791,-9.7396
1.5083,1.245,9.821,-1.2737,-1.7142,-10.295,1.6137,1.4461,9.9455,-1.2306,-1.6664,-10.487
1.81,1.3455,10.175,-1.3312,-2.0016,-10.635,1.9441,1.4844,10.309,-1.312,-1.9345,-10.774
2.1021,1.6424,10.295,-1.6664,-2.332,-10.702,2.3463,1.8483,10.381,-1.6664,-2.3032,-10.894
0.26336,1.1923,10.108,-1.1157,-0.43096,-10.625,0.31125,1.336,10.262,-1.1492,-0.32561,-10.654
-1.0056,0.21548,10.52,-0.24421,0.7422,-10.942,-0.82361,0.40223,10.63,-0.23942,0.75178,-11.157
0.67516,0.77572,10.515,-0.75657,-1.0487,-11.004,1.0534,0.92895,10.721,-0.76136,-1.0199,-11.262
1.8004,0.75657,9.9503,-0.75178,-2.0734,-10.362,2.0638,0.96726,10.041,-0.7422,-2.0303,-10.506
1.6855,0.47405,9.3039,-0.47884,-1.8387,-9.8593,1.8483,0.64165,9.4619,-0.50278,-1.7526,-9.9934
0.37828,0.5794,8.8155,-0.63207,-0.53151,-9.3039,0.55545,0.82839,8.9208,-0.60334,-0.51715,-9.4044
0.39265,1.3551,8.2648,-1.3647,-0.6177,-8.6718,0.62249,1.5371,8.3079,-1.3599,-0.58897,-8.7915
1.2689,1.719,8.0685,-1.7095,-1.4365,-8.5712,1.4126,1.901,8.1786,-1.7095,-1.4174,-8.7101
0.92416,1.7717,7.8865,-1.7095,-1.0726,-8.3366,1.1157,1.8818,8.0014,-1.7286,-1.0534,-8.5377
0.40701,1.0678,8.1547,-1.0487,-0.54588,-8.691,0.49799,1.2354,8.351,-1.0678,-0.50278,-8.7484
0.0095768,0.95289,8.4994,-0.88585,-0.20111,-8.9926,0.20111,1.1444,8.6287,-0.89543,-0.14844,-9.1363
0.10056,1.312,8.8777,-1.245,-0.34477,-9.3518,0.30167,1.47,8.983,-1.3024,-0.32561,-9.4858
0.2059,1.087,9.1267,-1.0774,-0.47884,-9.6391,0.43096,1.2067,9.3182,-1.0247,-0.46448,-9.845
0.70868,1.2019,9.5193,-1.2498,-0.93853,-10.051,0.90501,1.4317,9.7923,-1.245,-0.85234,-10.276
1.1971,1.403,10.238,-1.4222,-1.4461,-10.726,1.4413,1.6328,10.338,-1.4413,-1.4317,-10.884
1.5897,1.3838,10.841,-1.3551,-1.8387,-11.392,1.8292,1.5275,10.985,-1.336,-1.8196,-11.454
1.7669,1.1588,10.831,-1.1444,-1.9824,-11.248,1.9489,1.3216,10.827,-1.1588,-1.9537,-11.396
0.29209,1.3503,10.664,-1.3024,-0.49799,-11.143,0.48842,1.5323,10.788,-1.3168,-0.44532,-11.2
0.74699,1.4748,10.597,-1.4605,-1.0008,-11.095,0.93374,1.6472,10.707,-1.4748,-0.91937,-11.176
2.2601,1.6999,10.094,-1.7334,-2.466,-10.602,2.4134,1.9201,10.353,-1.7095,-2.4134,-10.774
1.8483,2.1261,9.2751,-2.2122,-2.0877,-9.8593,2.0399,2.3607,9.4188,-2.1691,-2.0399,-9.979
0.76614,1.8914,8.8107,-1.8675,-1.0056,-9.3518,0.98162,2.0494,8.9783,-1.8866,-0.97683,-9.5098
0.48363,1.2498,8.5856,-1.2641,-0.64643,-9.1842,0.58897,1.4653,8.6957,-1.2833,-0.60813,-9.2033
1.3982,1.2546,8.7819,-1.2067,-1.5802,-9.2799,1.5036,1.4174,8.9016,-1.1923,-1.5227,-9.481
1.9297,0.96726,8.849,-0.93853,-2.1548,-9.3039,2.1548,1.1205,8.9783,-1.0008,-2.1069,-9.505
1.0247,0.63686,8.3366,-0.6177,-1.2163,-8.8538,1.1349,0.79009,8.5521,-0.6177,-1.1779,-9.0309
0.84276,0.96247,8.0828,-0.9912,-1.0295,-8.5473,1.0008,1.1588,8.2648,-0.98162,-1.0199,-8.6718
0.87149,1.3838,8.2696,-1.3503,-1.0965,-8.7197,1.0822,1.5323,8.3701,-1.3743,-1.0534,-8.9064
1.0391,1.4413,8.7245,-1.4222,-1.2354,-9.2608,1.2402,1.6089,8.8681,-1.403,-1.1875,-9.3518
1.1253,1.6281,8.983,-1.6137,-1.2881,-9.4284,1.312,1.834,9.0501,-1.652,-1.2594,-9.5098
1.6089,1.8579,9.5433,-1.9154,-1.7909,-9.9886,1.7573,2.0686,9.6582,-1.8723,-1.7142,-10.118
1.8771,2.0111,10.017,-1.9776,-2.0542,-10.415,2.0111,2.1404,10.056,-1.9872,-1.9537,-10.587
1.9872,1.6281,10.247,-1.5993,-2.1883,-10.779,2.1452,1.7621,10.376,-1.6233,-2.1069,-10.942
2.1787,1.1588,10.64,-1.1396,-2.4421,-11.066,2.3559,1.336,10.798,-1.1875,-2.2984,-11.377
0.43096,0.50278,10.625,-0.50757,-0.70868,-11.1,0.60813,0.68474,10.841,-0.48363,-0.63686,-11.372
2.059,0.50278,10.898,-0.53151,-2.2841,-11.406,2.3176,0.69911,11.037,-0.5363,-2.3032,-11.598
3.1268,1.1444,10.084,-1.1109,-3.2753,-10.491,3.3567,1.2737,10.242,-1.1157,-3.2801,-10.712
1.6616,1.2833,9.2129,-1.2546,-1.9058,-9.596,1.8818,1.4222,9.3326,-1.2785,-1.8771,-9.7779
0.71347,0.89064,8.7724,-0.87149,-0.96247,-9.2608,0.90501,1.0726,8.9352,-0.8667,-0.91459,-9.4475
0.45011,0.61292,8.4946,-0.61292,-0.65601,-9.0166,0.59376,0.79487,8.6048,-0.60813,-0.62728,-9.2177
1.0678,1.5658,8.3797,-1.5227,-1.1875,-8.8202,1.2402,1.6951,8.4946,-1.5036,-1.1923,-9.0405
1.6664,2.0877,8.2265,-2.0925,-1.81,-8.6143,1.8723,2.2984,8.2983,-2.0925,-1.8627,-8.825
0.7422,1.743,7.7907,-1.743,-0.92895,-8.2887,0.91459,1.8675,7.8673,-1.6951,-0.90501,-8.3989
0.038307,1.0343,7.853,-1.0295,-0.25379,-8.3653,0.18675,1.1971,7.9871,-1.0151,-0.17238,-8.4755
0.10534,0.45969,8.2169,-0.43574,-0.31125,-8.7293,0.30167,0.64165,8.3989,-0.48842,-0.2873,-8.8969
0.44532,0.30167,8.6814,-0.27773,-0.58897,-9.2129,0.57461,0.45011,8.8202,-0.25379,-0.5363,-9.2799
1.087,0.79966,8.9878,-0.78051,-1.2641,-9.4427,1.221,0.90022,9.0788,-0.77093,-1.1684,-9.6055
1.0678,0.44532,9.2225,-0.44053,-1.2881,-9.7061,1.2641,0.65601,9.4092,-0.47405,-1.2737,-9.8833
1.4078,0.66559,9.8833,-0.66559,-1.6664,-10.376,1.7095,0.85234,9.979,-0.70868,-1.652,-10.444
1.4988,0.39265,10.807,-0.35913,-1.7382,-11.305,1.7765,0.53151,10.918,-0.36392,-1.7526,-11.449
0.48363,0.29209,10.994,-0.19632,-0.83797,-11.463,0.76136,0.39265,11.128,-0.249,-0.80445,-11.698
0.45011,0.67038,11.085,-0.62728,-0.69911,-11.645,0.66559,0.82839,11.281,-0.63207,-0.68953,-11.808
2.1596,0.27773,11.358,-0.26336,-2.375,-11.914,2.3128,0.40223,11.526,-0.26815,-2.332,-12.057
2.5379,0.3304,10.228,-0.33519,-2.8395,-10.726,2.8204,0.49321,10.439,-0.38786,-2.7677,-10.932
1.3886,0.96247,9.1028,-0.95289,-1.585,-9.5768,1.5802,1.1109,9.1889,-0.95289,-1.5275,-9.7109
0.38307,1.3934,8.3606,-1.4413,-0.62249,-8.9256,0.52672,1.6041,8.4515,-1.4365,-0.49799,-8.9112
0.60813,1.7238,8.2313,-1.7669,-0.89543,-8.8011,0.79487,1.9249,8.3558,-1.7573,-0.82839,-8.9208
2.0973,2.0111,8.7676,-2.0016,-2.3463,-9.1746,2.2841,2.1787,8.8155,-2.0303,-2.2649,-9.3996
1.8771,1.6616,8.9112,-1.6233,-2.0159,-9.4188,2.0638,1.8244,9.074,-1.6472,-2.0351,-9.5433
1.6328,1.8196,8.8107,-1.8196,-1.8627,-9.3613,1.8483,1.9585,8.9447,-1.8435,-1.8627,-9.4379
1.1684,1.5897,8.6383,-1.6041,-1.3408,-9.1554,1.336,1.7621,8.7484,-1.585,-1.2641,-9.2847
0.90501,1.4892,8.5473,-1.4557,-1.0487,-9.0788,1.0056,1.6712,8.691,-1.4557,-1.0151,-9.1746
1.0918,1.7621,9.0644,-1.7861,-1.3216,-9.5241,1.2737,1.901,9.2081,-1.719,-1.2929,-9.7205
1.3503,1.7909,9.4715,-1.7813,-1.5945,-9.9407,1.4557,1.9537,9.4906,-1.7238,-1.4796,-10.118
2.0303,1.834,10.056,-1.7717,-2.2936,-10.515,2.2458,1.9585,10.084,-1.7957,-2.2122,-10.659
2.3846,1.8148,10.458,-1.8292,-2.5426,-10.903,2.5426,1.9632,10.534,-1.8148,-2.5283,-11.066
1.3695,1.5897,9.9503,-1.6137,-1.6233,-10.439,1.5419,1.7621,10.08,-1.5419,-1.5514,-10.606
0.19154,1.2067,9.9311,-1.1588,-0.40223,-10.52,0.31125,1.3791,10.142,-1.1301,-0.32561,-10.587
0.14844,0.56503,9.9695,-0.63207,-0.42617,-10.511,0.36392,0.7853,10.156,-0.58419,-0.32561,-10.616
1.6664,0.73741,9.6869,-0.7039,-1.8531,-10.204,1.8292,0.82839,9.8402,-0.70868,-1.834,-10.29
1.8435,0.86191,9.3134,-0.83797,-2.0063,-9.8162,2.0255,1.0008,9.4379,-0.87149,-2.0399,-9.9742
1.1492,1.1205,9.1746,-1.0965,-1.4078,-9.6247,1.3934,1.2737,9.3087,-1.0534,-1.3982,-9.8497
1.312,1.2354,9.1171,-1.245,-1.561,-9.5672,1.5562,1.4317,9.1842,-1.2115,-1.5179,-9.7683
1.2785,1.2977,8.691,-1.3312,-1.4988,-9.2177,1.4557,1.4748,8.8011,-1.336,-1.4557,-9.3757
1.1109,1.834,8.1355,-1.8004,-1.3168,-8.6479,1.3551,1.9824,8.2552,-1.81,-1.3264,-8.734
0.64643,1.6951,7.8195,-1.6616,-0.79487,-8.2935,0.76136,1.8244,7.8961,-1.6233,-0.79487,-8.3941
0.02873,1.3934,7.9966,-1.3838,-0.23463,-8.4372,0.20111,1.5754,8.0589,-1.3982,-0.18675,-8.5856
0.095768,1.4509,8.418,-1.4126,-0.24421,-9.007,0.22984,1.6041,8.6095,-1.403,-0.21548,-9.1363
0.62249,1.1061,8.9591,-1.0726,-0.84276,-9.3757,0.76614,1.2737,9.0405,-1.1013,-0.78051,-9.5624
0.67516,1.0199,9.323,-1.0056,-0.91937,-9.7348,0.91459,1.1636,9.3613,-0.98641,-0.85712,-9.8354
0.5363,0.99599,9.6582,-1.0056,-0.76614,-10.132,0.75657,1.1396,9.8306,-0.96247,-0.75657,-10.319
1.2498,1.4748,10.166,-1.4365,-1.4078,-10.678,1.4413,1.6041,10.252,-1.4365,-1.4557,-10.803
1.9632,1.6664,10.041,-1.6233,-2.1883,-10.491,2.2027,1.8052,10.104,-1.6281,-2.1691,-10.688
1.4653,1.0151,10.276,-0.96726,-1.7286,-10.745,1.6999,1.2115,10.338,-1.0104,-1.6281,-10.855
-0.66559,0.44053,10.381,-0.45969,0.43096,-10.903,-0.45011,0.63686,10.539,-0.44053,0.45969,-11.08
0.49321,0.75657,10.793,-0.72784,-0.68953,-11.296,0.66559,0.91459,10.913,-0.7422,-0.66559,-11.387
2.2362,1.6807,10.324,-1.6185,-2.399,-10.702,2.4612,1.7861,10.357,-1.6472,-2.4086,-10.942
1.6568,2.1596,9.4571,-2.15,-1.8148,-9.9359,1.8723,2.2889,9.6103,-2.1548,-1.7909,-10.104
0.9098,2.0542,8.7293,-2.0303,-1.1061,-9.3039,1.0439,2.1691,9.0022,-2.0111,-1.0151,-9.4667
1.6759,1.7765,8.7388,-1.7669,-1.8866,-9.2368,1.8244,1.9201,8.8442,-1.8292,-1.8196,-9.3422
2.1787,1.494,8.6048,-1.47,-2.3798,-9.1123,2.3415,1.6089,8.7771,-1.4413,-2.308,-9.323
1.2546,0.96726,8.2313,-0.94332,-1.4653,-8.7245,1.4461,1.1588,8.3606,-0.96726,-1.4126,-8.8921
0.84276,1.0056,8.0302,-0.97683,-1.0487,-8.5617,0.99599,1.1492,8.1068,-0.98162,-0.97683,-8.6143
1.1588,1.0774,8.2313,-1.0343,-1.3024,-8.7388,1.2833,1.2546,8.3462,-1.0056,-1.2641,-8.8681
0.63207,1.0247,8.4084,-1.0391,-0.79966,-8.849,0.83797,1.221,8.5665,-1.087,-0.76136,-9.0118
0.92895,1.4126,8.6526,-1.4605,-1.0391,-9.098,1.0439,1.5897,8.7005,-1.4317,-1.0247,-9.2225
1.3072,1.5275,9.0788,-1.5371,-1.4605,-9.5193,1.4605,1.6999,9.2608,-1.4844,-1.4413,-9.7205
1.834,1.9968,9.6055,-1.9632,-1.9632,-10.104,1.901,2.1644,9.6055,-1.9632,-1.9106,-10.185
2.0111,1.8387,10.281,-1.8292,-2.241,-10.831,2.241,2.0542,10.477,-1.8196,-2.1596,-10.956
1.9872,1.6903,10.429,-1.6712,-2.2793,-10.846,2.2841,1.8292,10.568,-1.6999,-2.2122,-11.143
0.79966,1.6616,10.568,-1.6855,-1.0678,-11.066,1.0487,1.901,10.736,-1.6855,-1.0439,-11.238
0.31125,1.3216,10.75,-1.2641,-0.46926,-11.229,0.42138,1.4126,10.874,-1.2594,-0.40223,-11.511
2.0207,1.992,10.118,-1.9393,-2.1548,-10.592,2.1165,2.1213,10.271,-1.9872,-2.1069,-10.87
2.5905,2.1835,9.6391,-2.1596,-2.739,-10.142,2.8204,2.3032,9.7492,-2.1165,-2.7438,-10.314
1.9824,2.0207,9.4188,-1.9968,-2.1644,-9.821,2.2218,2.1691,9.4906,-2.0016,-2.1404,-9.9311
1.4269,1.7717,8.9352,-1.743,-1.5945,-9.481,1.652,1.968,9.0788,-1.8004,-1.6233,-9.5481
1.3934,1.5036,8.7245,-1.4605,-1.5706,-9.2033,1.5323,1.6424,8.8442,-1.4222,-1.5562,-9.3661
1.7526,2.1261,8.4994,-2.0686,-1.9585,-9.0166,1.9872,2.1835,8.6622,-2.0494,-1.9393,-9.1363
1.3216,2.3032,7.944,-2.3176,-1.5179,-8.442,1.5371,2.4852,7.9679,-2.3128,-1.5179,-8.5042
0.34955,1.901,7.6327,-1.901,-0.49321,-8.1594,0.49321,2.1117,7.762,-1.8914,-0.48842,-8.2361
-0.55545,1.6089,7.5992,-1.561,0.40223,-8.0349,-0.4549,1.7957,7.7476,-1.6041,0.44532,-8.2217
-0.29688,1.5754,7.8626,-1.5371,0.10534,-8.3414,-0.076614,1.7621,7.9152,-1.5419,0.14365,-8.4898
0.11492,1.3216,8.2744,-1.3264,-0.28252,-8.8298,0.29688,1.5323,8.4276,-1.3838,-0.28252,-8.9112
0.22027,1.2354,9.0453,-1.2498,-0.44532,-9.481,0.41659,1.4844,9.1506,-1.2689,-0.38786,-9.7061
0.7853,1.2546,10.233,-1.2785,-1.0104,-10.649,0.99599,1.3886,10.376,-1.2689,-0.97205,-10.879
1.1732,1.2354,10.582,-1.2689,-1.3743,-11.028,1.3982,1.3982,10.769,-1.2833,-1.3072,-11.224
1.3743,1.2785,10.716,-1.2737,-1.6281,-11.21,1.5897,1.4892,10.769,-1.2737,-1.561,-11.31
1.3455,1.2785,10.74,-1.2163,-1.5658,-11.234,1.5993,1.4461,10.855,-1.2785,-1.5036,-11.444
0.54588,1.8531,10.616,-1.7861,-0.77093,-11.028,0.83318,1.9728,10.755,-1.8004,-0.75178,-11.277
1.0678,1.7286,10.558,-1.6855,-1.3599,-11.109,1.2737,1.8387,10.64,-1.652,-1.312,-11.114
1.7909,1.7478,9.9455,-1.7717,-2.0303,-10.415,1.9776,1.9106,10.089,-1.7669,-1.9249,-10.53
2.4612,3.2753,9.1219,-3.2417,-2.6959,-9.5193,2.6432,3.4189,9.1028,-3.2705,-2.6001,-9.7109
1.2785,2.3798,8.8825,-2.3415,-1.4317,-9.3374,1.4174,2.5139,8.9926,-2.308,-1.3838,-9.4475
1.2689,1.47,8.7005,-1.4557,-1.4509,-9.1315,1.3647,1.6233,8.825,-1.4413,-1.3743,-9.4284
1.9872,1.1732,8.5281,-1.1732,-2.1835,-9.007,2.1835,1.3024,8.6718,-1.1779,-2.1213,-9.1554
1.494,1.0104,8.1738,-1.0104,-1.719,-8.6431,1.6807,1.1971,8.2887,-1.0151,-1.6664,-8.8298
1.0343,1.3791,7.9392,-1.3791,-1.2594,-8.4372,1.2546,1.5179,8.1307,-1.3791,-1.2498,-8.5665
0.42617,1.4126,7.7237,-1.3791,-0.67995,-8.1403,0.62249,1.5897,7.7955,-1.4269,-0.60334,-8.351
0.91937,1.992,8.1451,-1.9058,-1.1253,-8.5521,1.0822,2.15,8.1786,-1.9345,-1.0199,-8.7197
1.2977,1.968,8.6287,-1.9489,-1.4653,-9.0932,1.4509,2.0925,8.7149,-1.9393,-1.3886,-9.2129
1.3216,1.6568,9.3901,-1.6376,-1.5131,-9.8976,1.561,1.8052,9.4858,-1.6041,-1.4844,-10.094
2.2122,1.901,10.582,-1.8818,-2.375,-10.956,2.4756,2.0877,10.649,-1.8627,-2.4325,-11.234
2.8683,1.9393,10.946,-1.9345,-3.0167,-11.411,3.0406,2.083,11.047,-1.8771,-3.0311,-11.602
2.1596,1.7382,10.539,-1.7573,-2.3415,-11.061,2.2362,1.9297,10.774,-1.7478,-2.2936,-11.138
0.40223,1.3647,10.64,-1.3503,-0.70868,-11.133,0.66559,1.5227,10.831,-1.3408,-0.59855,-11.315
2.0207,1.2785,10.841,-1.2929,-2.217,-11.281,2.3032,1.4892,10.946,-1.2833,-2.2075,-11.473
3.0933,1.4748,10.175,-1.3934,-3.2848,-10.659,3.371,1.561,10.218,-1.4605,-3.3088,-10.783
2.1883,1.2833,9.098,-1.2641,-2.4517,-9.5433,2.4325,1.4269,9.2225,-1.2402,-2.4565,-9.6917
1.1061,1.1492,8.7053,-1.1349,-1.3216,-9.256,1.2354,1.3168,8.8681,-1.1349,-1.2641,-9.3757
1.1013,1.312,8.4707,-1.2977,-1.3455,-9.0597,1.3264,1.494,8.6048,-1.2689,-1.2833,-9.1315
2.2266,1.8052,8.6718,-1.7526,-2.399,-9.1363,2.4469,1.9872,8.7197,-1.7813,-2.3846,-9.2225
1.652,2.0638,8.1882,-1.9872,-1.8675,-8.7293,1.7813,2.1739,8.2265,-2.0063,-1.7813,-8.8059
0.46926,1.3503,8.0254,-1.3599,-0.67995,-8.5377,0.6177,1.5371,8.2361,-1.3886,-0.63207,-8.7101
0.11492,0.87149,8.3318,-0.83797,-0.34477,-8.9304,0.30646,0.97205,8.5186,-0.84276,-0.26815,-8.9783
0.057461,0.72305,8.6766,-0.68953,-0.23942,-9.1267,0.19632,0.91459,8.7053,-0.69432,-0.249,-9.2512
0.18196,0.6177,8.9926,-0.61292,-0.34477,-9.4523,0.37828,0.79487,9.0932,-0.56982,-0.31125,-9.6438
1.087,1.1492,9.3565,-1.1013,-1.2785,-9.8066,1.336,1.336,9.4092,-1.154,-1.2258,-9.9838
1.3551,1.5227,9.8354,-1.4988,-1.5227,-10.295,1.5897,1.652,10.022,-1.5275,-1.5131,-10.4
2.0351,2.2505,10.467,-2.1883,-2.2075,-10.884,2.2362,2.4086,10.587,-2.1691,-2.1931,-10.922
2.1979,2.1883,10.736,-2.1644,-2.4804,-11.128,2.4325,2.3463,10.807,-2.1883,-2.4134,-11.358
0.89543,1.6472,10.654,-1.7095,-1.2354,-11.09,1.1301,1.8148,10.75,-1.6759,-1.221,-11.262
0.31603,1.9249,10.664,-1.8387,-0.57461,-11.162,0.53151,2.0542,10.76,-1.8387,-0.54109,-11.291
1.4653,1.81,10.295,-1.7957,-1.6903,-10.841,1.6999,1.992,10.463,-1.7478,-1.6328,-10.894
1.7813,1.8723,9.5193,-1.8196,-1.9585,-10.008,1.9776,1.992,9.6199,-1.8148,-1.968,-10.113
0.88107,1.8579,8.8442,-1.8675,-1.1061,-9.323,1.0391,2.0494,8.9447,-1.8723,-1.0822,-9.5624
0.16281,1.6759,8.3414,-1.7286,-0.39744,-8.9304,0.35913,1.8244,8.5569,-1.6759,-0.33998,-9.0549
0.75657,1.6328,8.1211,-1.6089,-0.86191,-8.576,0.85234,1.8148,8.2265,-1.6137,-0.83318,-8.7005
1.0965,1.6041,8.2504,-1.5754,-1.2737,-8.667,1.2402,1.7909,8.3749,-1.5897,-1.2115,-8.849
1.0534,1.1923,8.3893,-1.2067,-1.2881,-8.8394,1.2402,1.3838,8.5042,-1.1923,-1.2258,-9.0597
0.55545,1.0104,8.2504,-0.93374,-0.7422,-8.7771,0.76136,1.1684,8.3606,-0.91459,-0.72784,-8.8394
0.3304,1.0534,8.0924,-1.1013,-0.54109,-8.6431,0.50757,1.2354,8.2839,-1.0678,-0.42138,-8.691
0.32082,0.93374,8.3127,-1.0104,-0.52194,-8.7484,0.45011,1.1013,8.4324,-0.98162,-0.4118,-8.9112
0.91459,1.063,8.9208,-0.99599,-1.0582,-9.3805,1.0726,1.2115,9.1171,-1.0056,-0.97205,-9.5098
1.1827,1.4461,9.7205,-1.4174,-1.3982,-10.151,1.4078,1.6424,9.8354,-1.4748,-1.3408,-10.329
1.4748,1.7765,10.376,-1.7621,-1.7861,-10.86,1.7286,1.9249,10.482,-1.7478,-1.6568,-10.98
2.4756,2.2362,11.028,-2.2362,-2.6863,-11.468,2.7246,2.4565,11.162,-2.241,-2.6336,-11.679
2.2553,2.3272,10.937,-2.3367,-2.4038,-11.344,2.2697,2.5139,10.946,-2.3559,-2.3511,-11.53
0.42138,1.6759,10.654,-1.585,-0.62249,-11.076,0.59376,1.743,10.693,-1.6041,-0.56503,-11.262
0.63686,1.0104,10.467,-1.0104,-0.89064,-10.913,0.91459,1.1779,10.616,-1.0008,-0.83797,-11.186
1.5179,0.63686,9.9216,-0.58897,-1.7382,-10.357,1.7286,0.73263,9.9455,-0.63686,-1.6664,-10.539
1.7957,0.75178,9.0214,-0.69911,-1.9776,-9.4715,2.0303,0.93374,9.1411,-0.75178,-2.0063,-9.6438
1.1157,0.60334,8.8059,-0.58419,-1.3216,-9.3374,1.2354,0.79009,8.9112,-0.60334,-1.2402,-9.4236
0.24421,0.22984,8.3749,-0.21069,-0.44532,-8.8921,0.3735,0.41659,8.6383,-0.22984,-0.36871,-9.0166
0.96247,0.5363,8.3989,-0.56024,-1.154,-8.8585,1.1971,0.75657,8.5665,-0.53151,-1.1013,-9.0501
1.4509,1.2929,8.4563,-1.2641,-1.6328,-8.9352,1.6759,1.4796,8.6143,-1.2737,-1.6281,-9.1554
1.3886,1.5467,8.2456,-1.5323,-1.5754,-8.7724,1.5706,1.6855,8.418,-1.5371,-1.5562,-8.9208
0.59376,1.2641,8.1163,-1.2163,-0.78051,-8.5425,0.73263,1.4222,8.2935,-1.2306,-0.77093,-8.7245
-0.27294,0.85712,8.1259,-0.88107,0.071826,-8.5569,-0.13408,1.0726,8.2361,-0.84755,0.11971,-8.7293
0.1245,0.93853,8.4946,-0.85712,-0.28252,-8.9016,0.31603,1.0343,8.6431,-0.88585,-0.22984,-9.1123
0.58897,0.61292,9.1315,-0.56024,-0.75178,-9.663,0.71826,0.75657,9.2943,-0.55545,-0.68953,-9.7827
0.77572,0.49321,9.8545,-0.47884,-0.96726,-10.233,0.9481,0.66559,9.8976,-0.46926,-0.87149,-10.305
1.2163,0.98162,10.429,-0.95289,-1.4509,-10.946,1.47,1.1779,10.453,-0.98641,-1.4269,-11.047
1.5754,1.3695,10.956,-1.312,-1.9058,-11.435,1.8292,1.5036,11.066,-1.3647,-1.8579,-11.487
1.3551,0.96726,11.104,-0.97683,-1.5993,-11.507,1.5802,1.1301,11.171,-0.95768,-1.585,-11.698
0.51236,0.85234,11.19,-0.86191,-0.75657,-11.66,0.73263,1.0391,11.349,-0.85712,-0.7039,-11.808
1.6089,1.0822,11.023,-1.0295,-1.8292,-11.411,1.8818,1.2498,11.114,-1.0534,-1.743,-11.645
2.5426,1.5514,10.467,-1.5467,-2.7773,-10.884,2.7916,1.7334,10.52,-1.5323,-2.6911,-11.052
2.1787,2.7438,9.323,-2.7294,-2.3463,-9.7205,2.3703,2.9736,9.4427,-2.715,-2.332,-9.912
0.72305,1.8675,8.8633,-1.8675,-0.97205,-9.4188,0.88585,2.0159,8.9878,-1.8675,-0.93853,-9.5624
1.1492,1.1444,9.0022,-1.1157,-1.3551,-9.5624,1.3599,1.2881,9.1698,-1.1013,-1.2498,-9.6917
1.7238,0.84755,8.691,-0.85712,-1.9537,-9.1075,1.8818,0.98162,8.8538,-0.84755,-1.8723,-9.3326
1.3408,0.64643,8.3366,-0.63686,-1.5179,-8.7963,1.5275,0.79966,8.442,-0.63686,-1.5179,-8.8585
1.0534,0.77572,7.9104,-0.77572,-1.2258,-8.3653,1.1971,0.95289,8.0254,-0.82361,-1.1827,-8.4707
0.47405,0.38786,7.7285,-0.44053,-0.63207,-8.2887,0.54109,0.5363,7.8673,-0.43096,-0.57461,-8.3653
0.5363,0.09098,8.193,-0.13886,-0.7039,-8.6431,0.65122,0.31125,8.4132,-0.11971,-0.6177,-8.825
1.2737,0.67995,8.7484,-0.62249,-1.4605,-9.2847,1.4317,0.82839,8.9543,-0.6177,-1.3551,-9.4523
2.3607,1.6568,9.6726,-1.5897,-2.5618,-10.142,2.5522,1.834,9.7827,-1.5754,-2.4948,-10.257
2.2841,2.0446,10.171,-2.0638,-2.5091,-10.645,2.49,2.2601,10.309,-2.0399,-2.4995,-10.793
1.81,2.0925,10.3,-2.1117,-2.0399,-10.697,1.9968,2.2697,10.396,-2.0925,-1.968,-10.922
1.4509,1.6951,10.099,-1.6999,-1.6472,-10.53,1.5897,1.8723,10.281,-1.7095,-1.5945,-10.745
0.29209,1.0726,10.52,-1.1013,-0.51715,-10.98,0.4549,1.2833,10.697,-1.0822,-0.51715,-11.133
0.24421,0.6608,10.511,-0.68474,-0.44532,-10.97,0.44053,0.86191,10.726,-0.68953,-0.40223,-11.253
1.8052,0.93374,10.123,-0.95289,-2.0111,-10.573,2.083,1.0678,10.281,-0.88107,-1.9824,-10.774
2.4229,0.80445,9.5672,-0.79966,-2.557,-10.065,2.5857,0.96726,9.6774,-0.82839,-2.5283,-10.262
1.4748,0.34477,8.9016,-0.32561,-1.7095,-9.5241,1.6664,0.46926,9.1028,-0.35434,-1.7382,-9.7109
0.7853,0.49799,8.6766,-0.43574,-1.0247,-9.1602,0.98162,0.6608,8.8538,-0.46926,-1.0008,-9.3757
1.3791,0.98641,8.7628,-0.92416,-1.6137,-9.2416,1.5802,1.1061,8.8969,-0.91937,-1.5802,-9.3853
1.7717,1.6664,8.5138,-1.6855,-1.9489,-8.9064,1.9824,1.8627,8.4946,-1.652,-1.9585,-9.0501
1.154,1.4748,8.1403,-1.4461,-1.3743,-8.6143,1.3647,1.6328,8.3079,-1.4892,-1.336,-8.7053
0.081403,1.1444,7.9918,-1.0582,-0.27294,-8.5186,0.32561,1.2785,8.1068,-1.1253,-0.23942,-8.6095
-0.38786,0.9912,8.1786,-0.95768,0.2059,-8.6431,-0.25379,1.1827,8.3845,-1.0056,0.26336,-8.7676
0.31603,1.0678,8.4755,-1.0726,-0.35913,-8.849,0.4549,1.3024,8.6143,-1.0965,-0.34955,-9.0261
0.48363,0.77093,9.0597,-0.75178,-0.6608,-9.4763,0.66559,0.91459,9.1315,-0.79966,-0.64643,-9.5577
1.0391,0.81882,9.6486,-0.78051,-1.1779,-10.147,1.2306,0.96247,9.8114,-0.82839,-1.1301,-10.29
1.6903,1.2354,10.491,-1.2402,-1.8914,-10.932,1.9058,1.4174,10.625,-1.2019,-1.8531,-11.114
1.7909,1.2354,10.846,-1.1875,-2.0351,-11.435,2.0063,1.4078,11.028,-1.1732,-1.968,-11.521
0.96726,1.0199,10.855,-0.97205,-1.3264,-11.42,1.2258,1.1827,11.066,-0.9912,-1.3408,-11.564
-0.26336,1.0822,10.688,-1.1301,-0.0047884,-11.219,-0.052672,1.2929,10.831,-1.1109,0.033519,-11.401
1.1875,1.1875,10.831,-1.1301,-1.2881,-11.363,1.3168,1.3312,11.004,-1.1253,-1.1923,-11.526
2.2362,1.6616,10.238,-1.6664,-2.4421,-10.721,2.4517,1.8435,10.285,-1.6233,-2.3511,-10.874
1.6999,2.2505,9.5912,-2.2122,-1.8292,-9.9264,1.8244,2.3942,9.596,-2.2362,-1.8196,-10.156
0.84755,1.6137,9.0453,-1.5658,-1.0582,-9.4906,1.0439,1.7286,9.1937,-1.5802,-1.0199,-9.6917
1.6472,1.0822,8.9926,-1.1061,-1.81,-9.4763,1.7765,1.2354,9.1028,-1.0678,-1.7047,-9.5864
1.7238,0.9912,8.8346,-1.0008,-1.9345,-9.2081,1.9154,1.1923,8.8777,-0.96247,-1.901,-9.3996
1.5371,0.80924,8.509,-0.84755,-1.7286,-8.9783,1.6855,0.99599,8.6622,-0.83318,-1.652,-9.2225
1.2977,0.7853,8.3318,-0.80924,-1.4796,-8.7628,1.4605,0.97683,8.4707,-0.76136,-1.47,-9.0022
1.0774,1.0965,8.0158,-1.1205,-1.2258,-8.4898,1.221,1.3408,8.1355,-1.1253,-1.221,-8.6766
0.99599,1.403,8.2073,-1.3647,-1.1636,-8.7053,1.1396,1.5131,8.2839,-1.3455,-1.1684,-8.8585
0.94332,1.3264,8.2121,-1.3312,-1.1827,-8.7484,1.1492,1.5227,8.4611,-1.3216,-1.0965,-8.9639
1.4126,1.9441,8.8298,-1.9106,-1.6185,-9.3182,1.6137,2.0925,8.983,-1.9058,-1.5754,-9.3996
1.585,1.7813,9.8402,-1.7095,-1.7861,-10.338,1.7717,1.8914,9.9695,-1.7382,-1.7717,-10.511
1.7095,1.7095,10.19,-1.7238,-1.9345,-10.688,1.8962,1.8675,10.3,-1.7334,-1.8579,-10.798
2.1021,1.5754,10.482,-1.5371,-2.2841,-10.865,2.3128,1.7717,10.606,-1.5467,-2.2889,-11.133
-0.6608,0.97205,10.525,-0.98641,0.45969,-11.123,-0.49799,1.154,10.783,-0.99599,0.47405,-11.291
1.0343,1.2019,10.496,-1.1396,-1.1923,-10.965,1.221,1.3838,10.659,-1.087,-1.1013,-11.186
2.5618,1.4748,9.9551,-1.4892,-2.7964,-10.448,2.7007,1.5945,10.06,-1.4796,-2.739,-10.621
1.2689,0.93853,9.2273,-0.9481,-1.4461,-9.7492,1.4653,1.1396,9.2991,-0.91937,-1.3982,-9.8354
0.54588,0.97205,8.7915,-0.93853,-0.72305,-9.3422,0.76136,1.1301,8.9495,-0.9098,-0.77093,-9.4954
1.3264,1.0918,8.9399,-1.1396,-1.4988,-9.4475,1.5227,1.2785,9.0357,-1.063,-1.5323,-9.6055
1.8435,1.1923,8.7293,-1.1827,-1.9632,-9.1746,1.9728,1.3886,8.7867,-1.2115,-1.9824,-9.1937
1.1013,1.5514,7.9057,-1.5036,-1.3408,-8.442,1.2689,1.6855,8.0876,-1.5131,-1.2258,-8.6
0.59855,1.4126,7.9535,-1.4509,-0.79966,-8.442,0.7853,1.561,8.1163,-1.4269,-0.77093,-8.6287
0.11013,1.3838,8.0397,-1.3695,-0.29688,-8.5281,0.24421,1.5227,8.1834,-1.3838,-0.17238,-8.6
-0.023942,1.2163,8.5281,-1.2163,-0.17717,-8.9016,0.18196,1.4126,8.5856,-1.1923,-0.16281,-9.1985
0.67995,1.1205,9.007,-1.1253,-0.85234,-9.481,0.88585,1.312,9.2225,-1.0965,-0.8667,-9.6438
1.2402,1.403,9.2608,-1.3455,-1.4126,-9.8306,1.5179,1.5706,9.4715,-1.336,-1.4988,-9.9599
0.84276,1.4605,9.481,-1.4078,-1.0056,-10.056,1.063,1.652,9.6965,-1.3982,-0.95289,-10.127
1.7238,1.6424,10.405,-1.6472,-1.8866,-10.812,1.8818,1.8244,10.525,-1.6328,-1.9537,-10.951
2.4469,1.652,11.028,-1.5706,-2.7007,-11.521,2.6911,1.8148,11.214,-1.6568,-2.5618,-11.765
0.46448,1.7573,10.994,-1.6712,-0.78051,-11.42,0.70868,1.8723,11.104,-1.6759,-0.68474,-11.564
1.4748,1.6041,10.942,-1.6137,-1.6616,-11.435,1.6233,1.7957,11.095,-1.5371,-1.6664,-11.612
2.873,1.0343,10.702,-1.0104,-3.1364,-11.2,3.0694,1.1779,10.783,-1.0295,-3.0215,-11.291
1.5945,1.7909,9.6151,-1.719,-1.8531,-10.147,1.8627,1.9058,9.8066,-1.743,-1.7621,-10.266
0.73741,1.4844,9.1315,-1.5179,-0.95289,-9.6726,0.9912,1.6903,9.3374,-1.4796,-0.96247,-9.8019
1.7047,1.6233,8.8107,-1.5754,-1.8675,-9.347,1.81,1.7669,8.9591,-1.6185,-1.834,-9.3996
1.8531,1.336,8.5186,-1.3408,-2.0303,-9.1363,1.901,1.5227,8.7771,-1.3168,-1.9441,-9.1889
1.6951,1.1971,8.4755,-1.2306,-1.8675,-9.007,1.8723,1.4317,8.6862,-1.2306,-1.8771,-9.1698
1.7669,1.0918,8.4707,-1.0534,-1.8818,-8.9304,1.9585,1.2498,8.6,-1.063,-1.8866,-9.0261
1.3695,1.3168,8.011,-1.2833,-1.5323,-8.4372,1.5179,1.4269,8.1834,-1.3024,-1.4365,-8.6479
0.64643,1.2833,7.8386,-1.2498,-0.88107,-8.3893,0.81403,1.4078,7.9775,-1.2881,-0.76614,-8.4707
0.6177,1.8771,7.9727,-1.7717,-0.79009,-8.3941,0.7422,1.9776,8.1068,-1.7861,-0.76136,-8.6191
1.3312,1.9249,8.8107,-1.9345,-1.5562,-9.2129,1.5562,2.0973,8.9208,-1.9058,-1.5275,-9.3709
1.5897,1.9297,9.5146,-1.8771,-1.8052,-9.9982,1.7573,2.0351,9.6391,-1.9106,-1.7526,-10.161
1.5897,2.1213,9.8114,-2.0686,-1.7573,-10.362,1.7526,2.2793,10.032,-2.1117,-1.7526,-10.606
2.0303,2.1069,10.036,-2.1404,-2.1979,-10.458,2.15,2.2984,10.06,-2.1117,-2.2122,-10.707
1.5275,1.5802,10.175,-1.6137,-1.8292,-10.63,1.8435,1.7478,10.314,-1.5993,-1.6424,-10.827
0.18196,1.3791,10.405,-1.2977,-0.41659,-10.693,0.40701,1.5371,10.338,-1.3551,-0.4549,-10.908
1.6855,1.5419,10.309,-1.4413,-1.8435,-10.731,1.834,1.6903,10.4,-1.4988,-1.8866,-10.898
2.0877,1.561,9.845,-1.5371,-2.3655,-10.314,2.3367,1.7047,10.013,-1.5179,-2.241,-10.424
1.3647,1.312,9.3087,-1.312,-1.5467,-9.821,1.5227,1.5227,9.481,-1.3216,-1.5131,-9.9407
1.5036,1.4509,9.2129,-1.4365,-1.7478,-9.6965,1.7478,1.6281,9.3709,-1.4269,-1.7238,-9.8881
1.7382,1.4844,8.9878,-1.4461,-1.901,-9.5146,1.8962,1.6328,9.1315,-1.4269,-1.8723,-9.6007
1.7957,1.901,8.3366,-1.8771,-2.0111,-8.8777,2.0351,2.0638,8.5281,-1.9058,-2.0351,-8.9687
1.4317,1.9154,7.9823,-1.992,-1.6376,-8.3701,1.6376,2.1644,8.0637,-1.9585,-1.5802,-8.576
0.76136,1.4748,8.0685,-1.4557,-1.0008,-8.5377,0.98641,1.5993,8.2025,-1.4174,-0.92895,-8.667
0.36392,1.2641,8.4084,-1.2641,-0.54109,-8.8202,0.50757,1.4461,8.5856,-1.2833,-0.51236,-9.0166
0.92416,1.6041,8.8059,-1.585,-1.1205,-9.2608,1.1061,1.7478,8.9208,-1.6376,-1.087,-9.3422
1.2689,1.2115,9.098,-1.2067,-1.4126,-9.5577,1.4365,1.3791,9.2895,-1.1492,-1.4461,-9.6822
1.0104,1.1444,9.232,-1.1349,-1.2019,-9.7348,1.2067,1.3455,9.4236,-1.1396,-1.1444,-9.8258
1.3982,1.3934,9.9838,-1.3934,-1.585,-10.448,1.5993,1.5275,10.051,-1.3551,-1.6568,-10.707
1.7957,1.3455,10.635,-1.3503,-2.0494,-11.013,2.0494,1.5275,10.64,-1.3886,-2.059,-11.19
1.8292,1.336,10.726,-1.2737,-2.0638,-11.143,2.0638,1.4892,10.769,-1.3455,-1.968,-11.286
0.49321,1.9345,10.635,-1.8531,-0.75657,-11.119,0.73263,2.0446,10.716,-1.8723,-0.76614,-11.214
1.4844,1.8531,10.76,-1.7861,-1.7526,-11.214,1.6807,1.9776,10.851,-1.7861,-1.719,-11.439
2.6815,1.3695,10.549,-1.3072,-2.9066,-11.009,2.8635,1.5131,10.659,-1.336,-2.9161,-11.138
1.81,1.8196,9.5816,-1.8435,-1.9968,-9.9886,2.0255,2.0016,9.6199,-1.8771,-1.9489,-10.051
0.91937,1.6759,9.007,-1.6951,-1.0965,-9.5385,1.0343,1.8531,9.2129,-1.6664,-1.063,-9.6534
1.1875,0.90501,8.7149,-0.84755,-1.3695,-9.1794,1.3168,1.0056,8.8825,-0.86191,-1.3408,-9.3182
1.561,1.0391,8.4276,-0.9481,-1.7238,-8.8442,1.7382,1.1827,8.5138,-1.0439,-1.652,-9.0118
1.3072,1.0726,8.0014,-1.1109,-1.4988,-8.4707,1.4892,1.2689,8.0828,-1.0726,-1.4557,-8.6048
1.3264,1.0056,7.8817,-0.96726,-1.5419,-8.2744,1.5227,1.1684,7.9871,-0.96726,-1.5467,-8.4132
1.0104,1.312,7.9679,-1.2929,-1.1732,-8.3989,1.2354,1.4269,8.1499,-1.3072,-1.2019,-8.6095
1.0247,1.5419,8.4324,-1.5371,-1.2115,-8.9399,1.221,1.7238,8.5856,-1.5275,-1.2067,-9.0214
1.2785,1.4078,8.9495,-1.3934,-1.4557,-9.3613,1.4653,1.6089,8.9399,-1.4078,-1.4174,-9.4906
1.6041,1.4126,9.3134,-1.3886,-1.7813,-9.7683,1.7957,1.5897,9.3996,-1.3934,-1.7286,-9.979
1.2546,1.5993,9.5768,-1.6233,-1.4796,-10.003,1.4174,1.7813,9.6438,-1.6137,-1.3886,-10.175
1.4365,1.5371,10.06,-1.4796,-1.6137,-10.472,1.585,1.7142,10.07,-1.5131,-1.5802,-10.693
2.2889,1.8004,10.396,-1.8244,-2.466,-10.788,2.4229,1.9585,10.506,-1.8004,-2.4517,-11.066
1.2354,1.652,10.314,-1.6185,-1.5179,-10.688,1.5083,1.7909,10.4,-1.585,-1.3503,-10.965
0.21069,1.063,10.458,-1.0678,-0.44053,-10.87,0.40701,1.2641,10.64,-1.0439,-0.45969,-11.09
2.0446,0.81403,10.453,-0.83318,-2.2075,-10.884,2.1835,0.9912,10.616,-0.83797,-2.2362,-11.061
2.3511,0.67516,9.5337,-0.69911,-2.5714,-9.9742,2.5666,0.80924,9.5768,-0.65601,-2.4852,-10.046
1.1588,0.29209,8.7101,-0.31125,-1.3791,-9.1985,1.3791,0.42617,8.8298,-0.26336,-1.312,-9.2751
0.21069,0.3735,8.5808,-0.4118,-0.40701,-9.0788,0.37828,0.56982,8.7484,-0.42138,-0.36871,-9.1937
1.7669,1.2594,9.007,-1.1779,-1.8723,-9.3661,1.8483,1.3695,9.0309,-1.2498,-1.9632,-9.5337
3.1939,2.059,8.8538,-2.0351,-3.3375,-9.2895,3.395,2.2075,8.9399,-2.0159,-3.3088,-9.4523
2.3463,1.8962,8.5473,-1.9106,-2.5618,-8.9447,2.5666,2.083,8.667,-1.8866,-2.4756,-9.1554
0.73263,1.2785,8.2839,-1.2594,-0.95768,-8.7436,0.87628,1.4557,8.5186,-1.2785,-0.87628,-8.9304
0.24421,1.3072,8.1786,-1.245,-0.46926,-8.6287,0.44532,1.5131,8.3175,-1.2929,-0.42138,-8.7867
0.34477,1.336,8.4994,-1.3455,-0.5363,-8.8729,0.61292,1.5227,8.6431,-1.3264,-0.57461,-9.074
0.59855,1.0582,8.7724,-1.0391,-0.72784,-9.2847,0.79966,1.2402,8.8921,-1.0582,-0.73741,-9.3422
1.0247,1.1157,9.1219,-1.1109,-1.2306,-9.5529,1.2498,1.2737,9.2895,-1.1301,-1.2163,-9.7827
1.2785,1.4509,9.6726,-1.4269,-1.4844,-10.094,1.4269,1.6328,9.6965,-1.4605,-1.4365,-10.204
1.4605,1.403,10.171,-1.4222,-1.7238,-10.563,1.6999,1.5802,10.252,-1.3934,-1.6759,-10.726
1.8292,0.98162,10.501,-1.0822,-2.0399,-10.841,1.9537,1.1684,10.707,-1.0104,-2.0016,-11.085
0.35434,0.84276,10.946,-0.76614,-0.58897,-11.459,0.57461,0.97683,11.109,-0.75178,-0.51236,-11.516
1.1779,1.4078,10.736,-1.3599,-1.3934,-11.286,1.4653,1.5993,10.889,-1.3886,-1.4222,-11.463
2.8108,1.2977,10.434,-1.3072,-2.9736,-10.927,2.988,1.4509,10.568,-1.3168,-2.9975,-11.018
2.6767,1.4605,9.6582,-1.4365,-2.8778,-10.132,2.8683,1.6089,9.6917,-1.4174,-2.8443,-10.247
1.8771,1.6281,8.8633,-1.6328,-2.1021,-9.3326,2.0494,1.7957,8.9208,-1.6616,-2.0111,-9.4427
1.6089,0.92416,8.7245,-0.96247,-1.834,-9.2129,1.7573,1.1349,8.8202,-0.94332,-1.7957,-9.2656
2.1883,1.1875,8.5281,-1.1253,-2.3176,-9.0261,2.332,1.3168,8.6526,-1.1349,-2.3128,-9.165
2.1739,1.0822,8.5281,-1.0918,-2.4421,-8.9352,2.3367,1.2546,8.5952,-1.1013,-2.3415,-9.0549
1.5371,0.65601,8.3845,-0.67995,-1.7478,-8.9399,1.6376,0.82361,8.5808,-0.7039,-1.6424,-9.007
1.3886,0.80924,8.4803,-0.81882,-1.6041,-8.849,1.5371,0.93374,8.5234,-0.79009,-1.5897,-9.0549
1.4078,1.0582,8.758,-1.0439,-1.6089,-9.1937,1.6328,1.1923,8.825,-1.0439,-1.5658,-9.3134
1.8627,1.2546,9.0932,-1.2019,-2.0159,-9.4858,2.0351,1.4078,9.2991,-1.1827,-1.9968,-9.7013
1.81,1.3551,9.3326,-1.3791,-1.9968,-9.6582,1.968,1.5514,9.3613,-1.3599,-1.9201,-9.8354
1.5467,1.5706,9.5529,-1.5275,-1.6712,-10.032,1.7478,1.7526,9.6247,-1.5275,-1.6855,-10.065
1.8866,1.6664,10.132,-1.6185,-2.0925,-10.563,2.0638,1.8292,10.257,-1.6424,-2.0399,-10.755
2.217,1.7526,10.285,-1.743,-2.4181,-10.74,2.4708,1.9345,10.439,-1.7717,-2.4373,-10.927
1.7861,1.5514,9.9695,-1.5419,-1.9824,-10.396,1.8675,1.6999,10.161,-1.4988,-1.9058,-10.64
-0.09098,1.0487,10.228,-1.0534,-0.16759,-10.76,0.1245,1.2306,10.348,-1.0678,-0.15802,-10.903
1.1684,0.62728,10.305,-0.6177,-1.5179,-10.793,1.4605,0.7422,10.582,-0.60813,-1.4557,-10.999
2.7485,0.79009,9.8881,-0.82361,-2.9305,-10.333,2.897,0.98641,10.027,-0.81403,-2.8587,-10.482
2.0063,0.6608,9.1889,-0.59855,-2.1739,-9.6199,2.1596,0.80924,9.2608,-0.66559,-2.1404,-9.8162
1.2689,0.36871,8.9735,-0.34477,-1.4078,-9.3087,1.4126,0.56982,8.9878,-0.34955,-1.3982,-9.4763
1.0295,0.47405,8.7197,-0.43096,-1.3551,-9.2033,1.2689,0.63686,8.916,-0.4118,-1.2929,-9.3374
2.15,1.1396,8.7245,-1.1396,-2.4086,-9.1459,2.3272,1.2929,8.8873,-1.1636,-2.308,-9.3087
2.1021,1.336,8.4084,-1.3455,-2.2266,-8.8969,2.2553,1.5179,8.5712,-1.3503,-2.2362,-9.007
1.2641,1.1588,8.169,-1.1157,-1.3503,-8.6526,1.4413,1.312,8.3366,-1.0965,-1.3695,-8.7915
0.30167,0.69911,8.1355,-0.72305,-0.48842,-8.6239,0.41659,0.95289,8.2935,-0.73741,-0.46448,-8.7197
0.10534,1.0822,8.2073,-1.0391,-0.29209,-8.6862,0.27773,1.2498,8.3079,-1.0726,-0.27294,-8.8346
0.23463,1.2977,8.5138,-1.2881,-0.44053,-9.1363,0.50278,1.4844,8.7484,-1.3024,-0.50757,-9.232
0.50757,1.221,9.2177,-1.2402,-0.72305,-9.7396,0.73741,1.4222,9.3805,-1.2354,-0.69432,-9.7923
0.97205,1.3503,9.7683,-1.3599,-1.2498,-10.161,1.2115,1.5036,9.9407,-1.2833,-1.221,-10.386
2.1979,1.7957,10.659,-1.7813,-2.3942,-11.234,2.466,1.9297,10.827,-1.7573,-2.3846,-11.291
1.7717,1.6807,11.1,-1.6712,-1.9872,-11.535,1.9441,1.7909,11.219,-1.6759,-1.9728,-11.741
0.40223,0.85234,11.483,-0.79966,-0.73741,-11.851,0.62249,0.95768,11.598,-0.75178,-0.58419,-12.11
2.2889,1.3551,11.626,-1.2929,-2.6001,-12.072,2.4948,1.4748,11.727,-1.2833,-2.4086,-12.23
3.4046,1.2785,11.152,-1.1732,-3.5961,-11.574,3.5769,1.3934,11.229,-1.2402,-3.5626,-11.722
2.4373,0.80445,9.9647,-0.76614,-2.5618,-10.357,2.5618,0.98162,10.132,-0.80924,-2.5618,-10.568
0.64643,0.79487,8.7005,-0.87149,-0.83797,-9.0836,0.84276,1.0104,8.734,-0.79487,-0.85234,-9.2273
-0.086191,1.1732,7.7381,-1.0918,-0.11013,-8.1642,0.095768,1.2929,7.8195,-1.0822,-0.076614,-8.3893
1.3551,1.1971,7.7141,-1.1444,-1.6089,-8.1882,1.5083,1.3264,7.8434,-1.1301,-1.5036,-8.3031
2.1261,1.0965,8.0685,-1.0774,-2.3272,-8.4898,2.2075,1.2115,8.2169,-1.0918,-2.2458,-8.6143
1.9393,0.66559,8.1834,-0.59855,-2.1261,-8.6048,2.0542,0.7422,8.3701,-0.62728,-2.0877,-8.8394
1.4174,0.63686,8.1116,-0.60334,-1.5658,-8.5281,1.6424,0.77572,8.3366,-0.62249,-1.6041,-8.7628
0.82361,0.90022,8.1547,-0.89064,-0.98162,-8.6,1.0247,1.063,8.3222,-0.9098,-0.99599,-8.8394
0.93853,0.96247,8.5521,-0.90501,-1.1875,-8.9064,1.1157,1.0965,8.6431,-0.96247,-1.1109,-9.0932
1.3503,0.88585,9.0405,-0.89543,-1.5514,-9.5577,1.561,1.063,9.2416,-0.85234,-1.4461,-9.6199
1.5227,0.84276,9.4906,-0.84276,-1.7142,-9.979,1.652,1.0534,9.6247,-0.81882,-1.6376,-10.06
1.9345,1.0918,10.276,-1.0534,-2.2362,-10.731,2.1931,1.2833,10.381,-1.063,-2.1356,-10.927
1.8387,1.4892,10.362,-1.4988,-1.9824,-10.812,1.9728,1.6712,10.511,-1.4461,-1.9776,-11.018
1.6568,1.494,10.405,-1.4557,-1.8244,-10.803,1.81,1.6185,10.372,-1.4557,-1.7957,-10.889
0.36392,1.1875,10.865,-1.1588,-0.57461,-11.296,0.56503,1.3599,10.913,-1.1875,-0.58897,-11.492
0.26336,0.46926,10.927,-0.37828,-0.46926,-11.444,0.38786,0.5794,11.037,-0.40701,-0.36392,-11.645
2.715,0.42138,10.415,-0.45011,-2.9544,-10.975,2.964,0.62249,10.602,-0.38786,-2.9113,-11.119
2.648,0.72784,9.7348,-0.69911,-2.8347,-10.171,2.8204,0.90501,9.8066,-0.73741,-2.8587,-10.348
1.9489,0.71826,9.3182,-0.69432,-2.1835,-9.7492,2.1691,0.91937,9.4044,-0.68474,-2.1787,-9.9407
1.7813,0.79966,9.2991,-0.78051,-1.968,-9.7731,1.9393,0.98162,9.4523,-0.79009,-1.9489,-9.9551
2.1069,1.4605,8.825,-1.3838,-2.3415,-9.3182,2.2841,1.5897,9.0166,-1.4365,-2.2841,-9.4284
1.4988,1.6712,7.9966,-1.6568,-1.6855,-8.4707,1.7047,1.8196,8.1451,-1.6664,-1.6568,-8.6526
0.34955,1.0822,7.4172,-1.0726,-0.50757,-7.8147,0.50278,1.312,7.5944,-1.1061,-0.5363,-7.9775
-0.49799,0.73263,7.2927,-0.76136,0.30646,-7.8243,-0.3735,0.94332,7.355,-0.72305,0.32561,-7.92
-0.16281,0.85234,7.8003,-0.83318,-0.043096,-8.2887,0.033519,1.0439,7.9535,-0.82361,-0.02873,-8.5138
0.76614,1.0104,8.4898,-1.0295,-0.94332,-8.9399,0.96247,1.2258,8.6191,-1.0391,-0.84755,-9.007
0.66559,0.76136,9.0405,-0.75657,-0.83797,-9.3853,0.81882,0.96247,9.1219,-0.72784,-0.83318,-9.6055
0.59376,0.97683,9.4427,-0.97205,-0.77572,-9.9742,0.76136,1.1301,9.6007,-0.90501,-0.80445,-10.084
1.2785,1.6185,10.515,-1.5993,-1.5275,-10.889,1.5371,1.8196,10.539,-1.6137,-1.5419,-11.013
1.8244,1.8579,10.865,-1.8196,-2.0399,-11.339,2.0734,2.0255,10.989,-1.8675,-2.0207,-11.526
0.095768,1.6089,10.942,-1.585,-0.37828,-11.411,0.43574,1.7765,11.157,-1.5897,-0.42617,-11.583
0.40223,1.2833,11.147,-1.2546,-0.59855,-11.55,0.47884,1.4317,11.234,-1.2354,-0.56982,-11.636
2.6336,1.7095,10.865,-1.719,-3.0646,-11.238,2.9305,1.9154,10.817,-1.7238,-2.8539,-11.315
3.1316,2.0399,9.7923,-2.0734,-3.2561,-10.142,3.2944,2.1931,9.7588,-2.059,-3.2801,-10.333
2.0399,2.1644,9.0644,-2.1452,-2.1739,-9.4763,2.1452,2.3559,9.1602,-2.1644,-2.1356,-9.6343
1.1349,1.5658,8.5856,-1.5467,-1.3695,-9.0357,1.2977,1.7717,8.6957,-1.5706,-1.2785,-9.1459
2.0399,1.4844,8.576,-1.4269,-2.308,-8.9878,2.2697,1.6855,8.6239,-1.5083,-2.2505,-9.2081
2.4804,1.4174,8.6862,-1.4605,-2.7007,-9.1075,2.6576,1.6185,8.9208,-1.47,-2.6384,-9.2751
2.0782,1.561,8.7005,-1.561,-2.1883,-9.0549,2.2601,1.7669,8.7245,-1.5706,-2.2793,-9.2512
1.0487,1.4892,8.2648,-1.4653,-1.2067,-8.6574,1.1588,1.6664,8.3606,-1.4174,-1.1827,-8.9639
0.81403,1.3216,8.0062,-1.3216,-1.0534,-8.5617,0.94332,1.47,8.2313,-1.2929,-0.96726,-8.7197
1.7238,0.84755,8.4036,-0.85712,-1.9537,-8.8633,1.8771,1.0487,8.5952,-0.88585,-1.8292,-9.007
1.7526,0.47405,8.5425,-0.48363,-1.9537,-9.0022,1.9249,0.6177,8.6239,-0.48842,-1.9201,-9.1842
1.5945,0.65601,8.8633,-0.63207,-1.743,-9.414,1.7957,0.77572,8.9878,-0.62249,-1.743,-9.5577
1.9393,1.0918,9.2464,-1.0918,-2.1452,-9.73,2.1069,1.2594,9.414,-1.0534,-2.059,-9.8545
2.083,1.4461,9.9311,-1.4413,-2.2793,-10.429,2.2314,1.6185,10.017,-1.4317,-2.2027,-10.544
2.2936,1.7142,10.415,-1.7238,-2.4995,-10.779,2.4373,1.9106,10.501,-1.7095,-2.4421,-11.004
0.18196,1.5275,11.071,-1.5467,-0.27294,-11.478,0.26336,1.7813,11.229,-1.5802,-0.23942,-11.708
0.38786,0.76136,11.636,-0.74699,-0.67038,-12.172,0.57461,0.8667,11.837,-0.69432,-0.51715,-12.359
3.6536,1.6759,11.195,-1.7717,-3.9121,-11.602,3.9696,1.8052,11.325,-1.6568,-3.9073,-11.861
3.146,2.2793,10.094,-2.1883,-3.304,-10.429,3.4429,2.4086,10.151,-2.2458,-3.4046,-10.659
1.9441,1.8196,9.6486,-1.7334,-2.1596,-10.151,2.2314,1.9632,9.754,-1.743,-2.2122,-10.29
1.3216,0.89064,9.3613,-0.85234,-1.5514,-9.6343,1.5083,1.0487,9.4092,-0.85712,-1.5227,-9.8928
0.96247,0.95289,8.5808,-1.063,-1.1923,-9.0357,1.1109,1.1013,8.7005,-0.95289,-1.1684,-9.1937
1.9106,2.2889,7.9823,-2.2362,-2.1691,-8.3366,2.0925,2.4277,8.1116,-2.2601,-2.083,-8.6335
1.4653,2.1069,7.4412,-2.0542,-1.6281,-7.944,1.6089,2.2649,7.5178,-2.0973,-1.561,-8.0254
0.40701,1.3551,7.2257,-1.336,-0.48842,-7.7093,0.51236,1.4796,7.3837,-1.3551,-0.48363,-7.7955
-0.13408,1.2641,7.2113,-1.2163,-0.071826,-7.6375,0.038307,1.4413,7.3933,-1.1875,-0.043096,-7.8673
0.40223,1.1827,7.6998,-1.2115,-0.64643,-8.1211,0.5794,1.3647,7.8434,-1.1923,-0.54109,-8.2935
0.8667,0.96247,8.1642,-0.88107,-1.0774,-8.6718,1.0918,1.1301,8.327,-1.0008,-1.0822,-8.8346
0.63686,0.98641,8.6622,-0.99599,-0.84755,-9.0932,0.76136,1.1827,8.7197,-0.99599,-0.76614,-9.2273
1.9393,1.6664,9.8928,-1.6472,-2.2505,-10.405,2.1691,1.7717,10.017,-1.5706,-2.1548,-10.482
2.5522,1.6759,10.582,-1.6281,-2.7725,-10.87,2.7916,1.8579,10.688,-1.652,-2.7869,-11.133
1.9297,1.2258,10.851,-1.2019,-2.1021,-11.272,2.1165,1.3743,10.908,-1.1636,-2.0877,-11.444
0.047884,0.97205,11.123,-0.96247,-0.29209,-11.516,0.27773,1.1684,11.253,-0.92895,-0.24421,-11.674
1.6424,1.9393,10.889,-1.9537,-1.9776,-11.396,1.7957,2.1117,11.023,-1.8771,-1.7813,-11.487
4.3287,2.3846,10.482,-2.3703,-4.5394,-10.812,4.5442,2.5474,10.64,-2.3607,-4.5107,-11.076
2.5857,2.8204,9.4427,-2.7773,-2.7294,-9.8641,2.7916,2.964,9.5864,-2.8204,-2.7869,-10.022
0.65122,2.5331,8.7197,-2.5091,-0.87628,-9.1602,0.85712,2.7485,8.7963,-2.5666,-0.89064,-9.2943
1.2737,1.7142,8.5138,-1.6328,-1.4653,-8.9352,1.3599,1.8435,8.6239,-1.6472,-1.403,-9.1554
2.49,1.5131,8.4372,-1.5275,-2.6719,-8.8442,2.6336,1.6903,8.5329,-1.4892,-2.5857,-8.9495
2.7246,1.4174,8.4132,-1.3599,-2.9257,-8.8921,2.9066,1.5897,8.5329,-1.3934,-2.8778,-8.9687
2.1835,0.75178,8.0685,-0.77572,-2.3272,-8.4132,2.3655,0.95289,8.2361,-0.78051,-2.3032,-8.691
1.8387,0.57461,7.7668,-0.59376,-1.9585,-8.2504,1.9537,0.72305,7.9392,-0.59855,-1.9058,-8.4755
1.81,0.79009,8.1259,-0.82839,-1.9537,-8.5329,1.9537,1.0199,8.2696,-0.83318,-1.9345,-8.7197
1.6616,1.2641,8.3845,-1.221,-1.8196,-8.8777,1.7573,1.4174,8.509,-1.245,-1.7621,-8.9878
1.5131,1.3216,8.8155,-1.3647,-1.7142,-9.256,1.6759,1.5083,8.8538,-1.3791,-1.6424,-9.3374
2.5809,1.4365,9.8354,-1.3886,-2.7869,-10.324,2.6767,1.6041,9.9551,-1.3838,-2.6815,-10.415
2.897,1.3886,10.501,-1.3982,-3.1077,-10.874,3.0933,1.561,10.625,-1.3838,-3.0071,-10.985
3.5051,1.3695,10.616,-1.3886,-3.6966,-11.042,3.6152,1.5562,10.75,-1.403,-3.5913,-11.19
1.7238,1.1636,10.74,-1.1349,-2.0016,-11.234,1.992,1.3551,10.874,-1.1349,-1.9393,-11.291
2.0255,0.67038,11.133,-0.62728,-2.2314,-11.497,2.15,0.86191,11.291,-0.63207,-2.1452,-11.712
3.9792,0.90501,10.702,-0.84276,-4.1611,-11.133,4.1515,0.96247,10.884,-0.85234,-4.118,-11.339
3.6488,1.1875,9.7444,-1.087,-3.9025,-10.228,4.0127,1.312,9.8785,-1.1492,-3.984,-10.357
2.0734,0.81882,8.9352,-0.80445,-2.3415,-9.3278,2.3272,0.97683,9.0501,-0.81403,-2.3703,-9.596
1.2306,0.64643,8.6574,-0.63686,-1.4988,-9.0836,1.494,0.86191,8.758,-0.65601,-1.5179,-9.2943
1.2833,0.6177,8.5617,-0.59855,-1.3886,-9.0214,1.3838,0.74699,8.6718,-0.6177,-1.3838,-9.2129
2.1213,0.98162,8.6191,-0.9912,-2.375,-9.0405,2.2601,1.1684,8.7819,-1.0056,-2.217,-9.2368
2.6624,1.4653,8.6574,-1.3838,-2.7438,-8.9735,2.8012,1.5993,8.734,-1.4461,-2.7629,-9.1028
1.6376,1.1875,8.327,-1.1684,-1.7334,-8.7197,1.8196,1.3503,8.442,-1.1779,-1.7573,-8.8873
0.1245,0.88107,8.0158,-0.87628,-0.29688,-8.442,0.24421,1.0534,8.1642,-0.87628,-0.16759,-8.5952
-0.18675,0.90022,8.0589,-0.89543,-0.043096,-8.4803,-0.0095768,1.063,8.2361,-0.88585,-0.047884,-8.6957
0.18196,1.0199,8.4994,-1.0199,-0.42617,-8.916,0.40701,1.2115,8.6957,-1.0104,-0.38786,-9.1602
0.249,0.89543,8.9112,-0.88107,-0.50278,-9.2416,0.50278,1.0726,9.0692,-0.83797,-0.49321,-9.4906
0.77093,0.87628,9.572,-0.8667,-1.0151,-10.084,0.98162,1.0247,9.7396,-0.84755,-0.98641,-10.266
1.9776,1.3168,10.448,-1.3072,-2.1835,-10.951,2.1835,1.4557,10.491,-1.3408,-2.1644,-11.076
2.3272,1.4126,10.745,-1.3743,-2.5809,-11.181,2.5235,1.561,10.865,-1.4269,-2.4948,-11.32
1.0678,1.1205,10.831,-1.0726,-1.2306,-11.286,1.2641,1.3168,10.894,-1.0726,-1.2258,-11.449
-0.42138,0.80924,10.951,-0.86191,0.11013,-11.406,-0.2873,0.97683,11.061,-0.78051,0.23463,-11.535
1.7238,1.8004,10.53,-1.8148,-2.0446,-10.807,1.8004,1.9441,10.645,-1.743,-1.8435,-11.138
3.3662,2.308,9.6774,-2.3032,-3.5147,-10.027,3.5482,2.4852,9.7683,-2.332,-3.486,-10.195
2.375,2.0207,8.8633,-1.9585,-2.5091,-9.1985,2.557,2.15,8.9783,-2.0159,-2.5187,-9.4284
1.7238,1.4222,8.5521,-1.3647,-1.9776,-8.9543,1.9345,1.5802,8.734,-1.3982,-1.8818,-9.1219
1.7861,1.2306,8.3222,-1.1444,-1.9345,-8.7532,1.8866,1.3551,8.4946,-1.1492,-1.8435,-8.9112
1.6376,0.94332,8.3414,-0.93374,-1.8675,-8.8298,1.743,1.1492,8.4755,-0.95289,-1.7717,-8.9687
1.6759,0.94332,8.5569,-0.88585,-1.8723,-8.983,1.8627,1.1349,8.6957,-0.93853,-1.8387,-9.1889
1.2833,0.79966,8.5521,-0.77572,-1.4461,-8.9543,1.4653,0.94332,8.691,-0.7422,-1.4269,-9.1554
0.88107,0.99599,8.3606,-1.0104,-1.1205,-8.8585,1.0487,1.1875,8.5186,-0.98162,-1.0822,-8.8873
1.0774,1.3743,8.4803,-1.3599,-1.3168,-8.7915,1.2641,1.5131,8.5186,-1.3503,-1.2498,-9.0357
1.336,1.245,8.7436,-1.2546,-1.4844,-9.2608,1.4509,1.3934,8.8921,-1.2354,-1.4509,-9.3087
1.3838,1.1492,9.2273,-1.2115,-1.6281,-9.6965,1.5754,1.3072,9.3087,-1.1588,-1.5227,-9.7731
1.8004,1.1636,9.8066,-1.1396,-2.0255,-10.295,1.9441,1.3264,9.9024,-1.1492,-1.9249,-10.424
2.4804,1.1444,10.348,-1.1301,-2.6911,-10.678,2.6624,1.2929,10.41,-1.1061,-2.6097,-10.98
2.9401,1.1971,10.338,-1.1684,-3.122,-10.731,3.1077,1.3455,10.501,-1.1827,-3.0837,-10.942
1.1971,1.0056,10.381,-0.98162,-1.3695,-10.807,1.3886,1.1444,10.496,-0.95289,-1.3838,-10.999
0.7853,0.98162,10.678,-1.0151,-1.063,-11.056,0.91459,1.1205,10.898,-0.9481,-0.96726,-11.349
2.8156,1.3599,10.281,-1.3982,-3.0837,-10.731,2.9975,1.5083,10.487,-1.312,-2.9928,-10.937
2.5091,1.4174,9.3326,-1.3934,-2.6767,-9.7444,2.7438,1.5706,9.5146,-1.3791,-2.6815,-9.9168
1.1205,1.3695,8.8538,-1.3503,-1.3072,-9.3087,1.3647,1.5562,8.9639,-1.3408,-1.3455,-9.3901
0.13886,1.1636,8.8969,-1.1349,-0.3735,-9.4044,0.29209,1.3599,9.007,-1.1301,-0.33519,-9.5146
1.1253,0.78051,9.256,-0.80445,-1.4222,-9.6822,1.1971,0.95289,9.3948,-0.79966,-1.2067,-9.8114
2.3511,1.4222,9.2703,-1.3838,-2.5283,-9.7588,2.49,1.5371,9.3709,-1.3455,-2.466,-9.8881
2.4852,1.992,9.1219,-1.9776,-2.6671,-9.5912,2.7916,2.0973,9.2177,-1.901,-2.6863,-9.6343
1.5131,1.6137,8.8729,-1.5467,-1.6664,-9.3182,1.7334,1.7957,8.9735,-1.5514,-1.6903,-9.4427
0.74699,1.1444,8.5138,-1.1301,-0.96726,-8.9591,0.93853,1.3264,8.6287,-1.1444,-0.88107,-9.1075
1.1827,1.4557,8.5329,-1.4078,-1.4078,-8.9783,1.3695,1.561,8.6574,-1.4269,-1.3647,-9.1267
1.5179,1.5802,8.8681,-1.5897,-1.7669,-9.2799,1.7286,1.7765,8.9495,-1.5802,-1.6951,-9.4236
1.5323,1.47,9.4236,-1.4222,-1.8004,-9.8354,1.7142,1.6041,9.5768,-1.4557,-1.6664,-9.9455
1.652,1.5371,9.6391,-1.4796,-1.8435,-9.9886,1.8627,1.6807,9.6822,-1.4557,-1.7717,-10.151
0.86191,1.4078,9.8928,-1.3886,-1.0391,-10.238,1.1636,1.6041,10.051,-1.4078,-1.1444,-10.405
1.1061,1.1492,10.003,-1.1875,-1.3886,-10.463,1.1875,1.3216,10.199,-1.1732,-1.221,-10.659
3.1268,1.719,10.266,-1.6999,-3.3662,-10.664,3.2848,1.8627,10.353,-1.7334,-3.2178,-10.874
2.7581,1.4365,10.075,-1.4413,-2.9592,-10.616,3.0167,1.6472,10.166,-1.4269,-2.9592,-10.721
1.8483,0.80445,10.132,-0.7853,-2.0973,-10.573,2.0542,0.96247,10.3,-0.78051,-2.0303,-10.721
0.92895,0.27773,9.572,-0.27294,-1.1349,-10.06,1.1061,0.48363,9.7492,-0.31125,-1.0965,-10.19
0.56503,0.5363,8.8633,-0.52672,-0.81882,-9.2416,0.77093,0.67995,8.9878,-0.51236,-0.74699,-9.5002
0.66559,1.087,8.509,-1.0582,-0.81882,-8.9304,0.75657,1.2402,8.5904,-1.0151,-0.73741,-9.0453
1.2594,1.4222,8.667,-1.4509,-1.4653,-9.0788,1.403,1.561,8.7436,-1.3791,-1.3791,-9.2129
1.47,1.4605,8.734,-1.4222,-1.6999,-9.074,1.6472,1.5802,8.7053,-1.3982,-1.6041,-9.165
1.7765,1.5658,8.691,-1.5514,-1.9824,-9.1075,1.9393,1.6712,8.8011,-1.5179,-1.901,-9.232
1.5514,1.3695,8.6479,-1.3312,-1.7478,-9.1459,1.7526,1.5083,8.8729,-1.3695,-1.719,-9.3996
0.67516,1.5945,8.8729,-1.5514,-0.93374,-9.4906,0.84755,1.743,9.1889,-1.5371,-0.83797,-9.5433
0.90022,1.6328,9.9886,-1.5658,-1.1349,-10.376,1.0199,1.8052,10.204,-1.5897,-1.0247,-10.659
2.5043,1.7813,10.357,-1.7813,-2.7869,-10.697,2.7533,1.9489,10.381,-1.7717,-2.6863,-11.013
2.4995,1.1444,10.027,-1.1492,-2.7007,-10.415,2.7054,1.2546,10.142,-1.1205,-2.6863,-10.625
1.3408,0.52672,9.7875,-0.49321,-1.5419,-10.19,1.5514,0.63686,9.8785,-0.50757,-1.6185,-10.41
0.7422,0.50757,9.3278,-0.5363,-0.89064,-9.821,0.92895,0.76614,9.5768,-0.49799,-0.9912,-10.032
0.74699,1.1588,8.9447,-1.1396,-0.97683,-9.414,0.9912,1.3743,9.0644,-1.1109,-0.96726,-9.5146
0.6177,1.5227,8.7388,-1.4844,-0.81882,-9.1746,0.79966,1.7047,8.7771,-1.494,-0.77572,-9.2799
1.0104,1.6376,9.1554,-1.5658,-1.2546,-9.5912,1.2498,1.8004,9.3278,-1.561,-1.1923,-9.6869
1.5036,1.5802,9.4715,-1.5179,-1.6855,-9.8402,1.7478,1.6951,9.5193,-1.4796,-1.7047,-10.017
0.79009,1.2115,9.8114,-1.1971,-0.98641,-10.209,0.99599,1.4078,9.9838,-1.2067,-0.98641,-10.376
1.4222,1.2498,10.372,-1.245,-1.7238,-10.688,1.6951,1.4126,10.453,-1.2402,-1.6759,-10.942
1.9393,1.9154,9.6726,-1.8818,-2.15,-10.104,2.1404,2.0877,9.7444,-1.8579,-2.1739,-10.247
1.5179,2.0542,9.1315,-2.0734,-1.7095,-9.5385,1.7526,2.1931,9.256,-2.0686,-1.7238,-9.7109
0.34955,1.3647,9.1219,-1.3072,-0.52672,-9.4619,0.51715,1.494,9.1602,-1.3408,-0.53151,-9.5577
-0.22027,0.6608,9.1219,-0.7039,-0.0095768,-9.663,-0.081403,0.8667,9.3278,-0.69432,0.057461,-9.821
0.39744,0.71347,9.3757,-0.67995,-0.6608,-9.8928,0.60334,0.87628,9.6247,-0.68474,-0.54109,-10.099
1.4461,0.98641,9.7492,-0.97205,-1.6855,-10.204,1.6568,1.1732,9.8402,-0.98641,-1.5897,-10.343
1.652,1.3886,9.7157,-1.4317,-1.8148,-10.041,1.8483,1.5754,9.7636,-1.3791,-1.8292,-10.223
1.2067,1.5275,9.4715,-1.5179,-1.4174,-9.8785,1.4365,1.7095,9.596,-1.5131,-1.4413,-10.075
0.77572,1.3599,9.3182,-1.3886,-1.0008,-9.7109,0.95289,1.5371,9.3757,-1.3408,-1.0247,-9.8689
0.70868,1.2785,9.2225,-1.2737,-0.92895,-9.6869,0.87149,1.4653,9.3518,-1.245,-0.89064,-9.8689
1.0487,1.3408,9.4906,-1.3455,-1.2306,-9.8114,1.221,1.5323,9.4715,-1.2881,-1.1827,-9.9168
1.2881,1.3072,9.4284,-1.3264,-1.494,-9.8593,1.4509,1.5467,9.5433,-1.2929,-1.4844,-10.008
1.154,1.2258,9.347,-1.2258,-1.2737,-9.8785,1.3072,1.3982,9.5768,-1.2067,-1.2929,-9.9934
1.0056,1.2594,9.3039,-1.3024,-1.2163,-9.663,1.221,1.47,9.4475,-1.2881,-1.1779,-9.9503
1.1827,1.1157,9.4044,-1.1492,-1.4461,-9.7205,1.3695,1.3216,9.4571,-1.1779,-1.3838,-9.9886
1.1253,0.95768,9.3661,-0.88585,-1.3791,-9.8737,1.3024,1.1109,9.4954,-0.91459,-1.312,-9.9934
1.245,1.0439,9.3565,-1.0199,-1.4461,-9.8162,1.4461,1.1827,9.5864,-1.0247,-1.4509,-9.9647
1.154,1.221,9.1602,-1.2306,-1.3551,-9.5864,1.312,1.4126,9.3182,-1.2258,-1.2977,-9.754
1.2546,1.4365,9.1459,-1.4317,-1.3886,-9.596,1.4126,1.6185,9.2177,-1.3838,-1.3982,-9.7444
1.0678,1.4078,9.074,-1.3551,-1.2833,-9.5529,1.2115,1.5467,9.1794,-1.3791,-1.2498,-9.6007
0.87628,1.2402,9.1219,-1.2115,-1.0343,-9.5768,1.0678,1.4317,9.2943,-1.2546,-1.0391,-9.7923
0.95768,1.312,9.4523,-1.2737,-1.1684,-9.7875,1.1444,1.47,9.5098,-1.2737,-1.1444,-9.9599
0.99599,1.1588,9.4906,-1.1588,-1.2881,-9.9359,1.2402,1.3599,9.6534,-1.1492,-1.2067,-10.137
1.0104,1.2546,9.5433,-1.2067,-1.2498,-9.9982,1.2258,1.4078,9.7252,-1.2354,-1.1875,-10.223
1.2737,1.312,9.663,-1.3168,-1.4365,-10.051,1.3743,1.5275,9.845,-1.3503,-1.403,-10.223
1.245,1.3934,9.7252,-1.4365,-1.4796,-10.065,1.4461,1.6137,9.8162,-1.3791,-1.403,-10.228
1.3408,1.47,9.6343,-1.5036,-1.5658,-10.065,1.5275,1.6233,9.7588,-1.4844,-1.5036,-10.228
1.2689,1.2881,9.6438,-1.2498,-1.4988,-10.003,1.3838,1.4653,9.73,-1.2498,-1.4222,-10.151
1.2163,1.2163,9.4475,-1.1971,-1.4365,-9.8114,1.403,1.4174,9.5529,-1.2498,-1.3838,-10.008
1.2737,1.1349,9.3182,-1.1349,-1.4365,-9.7109,1.4269,1.3216,9.4044,-1.1349,-1.4605,-9.8976
1.1396,0.9098,9.2225,-0.9098,-1.3455,-9.6582,1.3168,1.0918,9.3422,-0.87628,-1.3168,-9.821
1.0965,0.87149,9.0501,-0.87628,-1.312,-9.5193,1.2594,1.0726,9.2751,-0.82361,-1.2546,-9.754
0.72305,0.97683,8.9974,-0.9912,-0.93374,-9.4236,0.90501,1.1827,9.1937,-0.95768,-0.95289,-9.5337
0.64643,1.0439,9.0405,-1.0726,-0.8667,-9.5146,0.79487,1.2737,9.1889,-1.0965,-0.79487,-9.6391
0.96726,1.2402,9.1746,-1.2115,-1.1588,-9.6486,1.1205,1.4365,9.347,-1.1923,-1.1061,-9.8306
0.98162,1.4365,9.2512,-1.4557,-1.1923,-9.6774,1.1875,1.6616,9.3518,-1.4269,-1.2067,-9.7827
0.77572,1.4126,9.2751,-1.4174,-0.99599,-9.7636,0.9912,1.561,9.3996,-1.47,-0.95289,-9.8497
0.98641,1.5179,9.4092,-1.5131,-1.1923,-9.7875,1.1636,1.6664,9.5289,-1.5036,-1.1588,-9.9742
1.1827,1.5945,9.4571,-1.585,-1.3838,-9.8258,1.3743,1.7765,9.5481,-1.5993,-1.336,-10.051
1.2785,1.3982,9.4188,-1.4126,-1.4796,-9.8785,1.4317,1.5419,9.6582,-1.4078,-1.4653,-10.118
1.1827,1.3647,9.4906,-1.3743,-1.336,-9.9024,1.3024,1.5562,9.5864,-1.2929,-1.3647,-10.027
1.0056,1.2354,9.3278,-1.2306,-1.1875,-9.7588,1.154,1.3982,9.4667,-1.2306,-1.1779,-9.9168
1.087,1.1779,9.5146,-1.2019,-1.2833,-9.8928,1.2594,1.403,9.572,-1.2019,-1.2546,-9.9695
1.3168,1.3551,9.5385,-1.336,-1.5706,-9.8976,1.5179,1.4844,9.5481,-1.3216,-1.5467,-10.051
1.4126,1.2641,9.4858,-1.2258,-1.6999,-9.912,1.6616,1.3647,9.6295,-1.2067,-1.6185,-10.089
1.5275,1.1588,9.4954,-1.1827,-1.7621,-9.8976,1.6712,1.3743,9.5577,-1.1444,-1.6664,-10.065
1.8004,1.2785,9.5481,-1.2785,-1.9776,-9.8785,1.9968,1.4269,9.5864,-1.2402,-1.9728,-10.094
1.5754,1.3024,9.2799,-1.245,-1.7813,-9.8402,1.7382,1.4413,9.5193,-1.2498,-1.7813,-9.9982
1.4365,1.1875,9.3374,-1.2163,-1.6664,-9.7157,1.6233,1.3551,9.4523,-1.1779,-1.6185,-9.9407
1.3551,1.2402,9.3278,-1.2019,-1.5658,-9.7109,1.5945,1.4078,9.4715,-1.2306,-1.5802,-9.9742
1.1157,1.2785,9.2225,-1.2641,-1.2929,-9.6007,1.2594,1.4078,9.3709,-1.3024,-1.2833,-9.7875
0.98641,1.1636,9.2799,-1.154,-1.1875,-9.6965,1.1588,1.3408,9.4044,-1.1444,-1.1396,-9.8354
1.2546,1.087,9.5098,-1.0822,-1.4748,-9.9695,1.47,1.2498,9.6486,-1.1061,-1.4605,-10.099
1.4748,1.1349,9.6103,-1.1444,-1.6712,-10.008,1.6664,1.3024,9.6774,-1.1492,-1.6664,-10.214
1.6712,1.1492,9.596,-1.1205,-1.8818,-10.027,1.8723,1.3072,9.7683,-1.1157,-1.8531,-10.218
1.6616,1.2354,9.5912,-1.2163,-1.8914,-10.094,1.8292,1.4078,9.7444,-1.2115,-1.8675,-10.252
1.4988,1.2498,9.5241,-1.2737,-1.7095,-9.8689,1.6951,1.47,9.6343,-1.221,-1.7238,-10.013
1.3551,1.2258,9.3039,-1.1779,-1.6137,-9.7492,1.5275,1.3982,9.4284,-1.1923,-1.5562,-9.9264
1.2258,1.1779,9.1746,-1.1636,-1.4222,-9.6103,1.4174,1.3312,9.3518,-1.1923,-1.3647,-9.7779
1.1732,1.1013,9.2225,-1.1061,-1.3647,-9.6247,1.3168,1.2641,9.3518,-1.1013,-1.3982,-9.7827
1.2737,1.1971,9.2847,-1.2115,-1.4605,-9.6726,1.4653,1.403,9.3901,-1.1684,-1.4269,-9.8019
1.2594,1.2402,9.2799,-1.245,-1.4796,-9.6678,1.4461,1.3791,9.4763,-1.245,-1.4317,-9.9695
1.2402,1.1875,9.3757,-1.1444,-1.4796,-9.6869,1.3934,1.3408,9.4475,-1.1732,-1.3886,-9.8689
1.3791,1.2115,9.4188,-1.2258,-1.5562,-9.7923,1.561,1.3982,9.5146,-1.2019,-1.5658,-9.9551
1.3934,1.1396,9.4284,-1.1396,-1.561,-9.845,1.5562,1.312,9.5193,-1.1492,-1.5562,-10.123
1.3886,1.1684,9.481,-1.154,-1.6376,-9.8258,1.5562,1.2977,9.572,-1.1349,-1.5706,-9.9599
1.1253,1.2115,9.232,-1.2019,-1.3168,-9.6869,1.2689,1.3647,9.3948,-1.1923,-1.2641,-9.912
1.2163,1.1253,9.2991,-1.1205,-1.3934,-9.6774,1.3791,1.3072,9.4332,-1.1301,-1.3838,-9.8976
1.1396,1.087,9.3518,-1.1061,-1.3695,-9.754,1.3264,1.2929,9.4092,-1.1013,-1.3072,-9.8833
1.2402,1.1684,9.4188,-1.1588,-1.47,-9.8306,1.4174,1.3408,9.5433,-1.1636,-1.4365,-9.9647
1.3455,1.2546,9.3613,-1.2402,-1.5323,-9.8354,1.5227,1.4748,9.4906,-1.2546,-1.5036,-9.8689
1.494,1.1827,9.481,-1.1301,-1.6855,-9.8402,1.6376,1.3264,9.6869,-1.1349,-1.6424,-10.108
1.4557,1.2115,9.5337,-1.1684,-1.6903,-9.8976,1.652,1.3551,9.6295,-1.1923,-1.652,-10.132
1.5131,1.2594,9.3565,-1.2067,-1.7238,-9.7731,1.6807,1.4509,9.5098,-1.2737,-1.5993,-9.9695
1.1349,1.3791,9.1985,-1.3743,-1.3408,-9.6055,1.2833,1.561,9.3039,-1.4222,-1.3264,-9.7205
1.2737,1.4557,9.0214,-1.4557,-1.4796,-9.3853,1.4126,1.6616,9.1219,-1.4269,-1.4413,-9.5912
1.3168,1.3791,9.0405,-1.3695,-1.5131,-9.414,1.4988,1.5658,9.0884,-1.3647,-1.4796,-9.6438
1.7861,1.2929,9.1219,-1.2546,-1.9968,-9.4954,1.9489,1.4174,9.2799,-1.245,-1.9489,-9.7205
1.8531,0.98641,9.2033,-0.98641,-2.0925,-9.6917,2.0782,1.1779,9.414,-0.99599,-2.0494,-9.821
1.6424,0.70868,9.2512,-0.67038,-1.8962,-9.663,1.8244,0.84755,9.3518,-0.69911,-1.8435,-9.8593
1.6807,0.46926,9.3901,-0.47884,-1.8818,-9.6295,1.8387,0.67516,9.4523,-0.46448,-1.8627,-9.9551
1.6328,0.54588,9.3996,-0.56503,-1.7573,-9.8593,1.6951,0.69911,9.6199,-0.58419,-1.719,-10.094
1.9585,0.52672,9.4906,-0.51715,-2.2122,-9.8689,2.1404,0.70868,9.6295,-0.48363,-2.1404,-10.051
1.6759,0.34955,9.5289,-0.33519,-1.9345,-9.9551,1.9154,0.52672,9.5768,-0.34955,-1.8579,-10.046
1.5802,0.2059,9.4619,-0.23942,-1.7765,-9.912,1.6807,0.36392,9.5193,-0.20111,-1.7286,-10.132
1.8004,0.25857,9.5529,-0.23942,-2.0446,-9.9072,1.9968,0.44053,9.6869,-0.28252,-2.0351,-10.08
1.6424,0.51236,9.4427,-0.51236,-1.8818,-9.7827,1.834,0.69432,9.5624,-0.53151,-1.834,-9.9838
1.561,0.79009,9.2751,-0.77093,-1.7334,-9.7205,1.6951,0.96726,9.3422,-0.77572,-1.7238,-9.8162
1.6712,1.0008,9.323,-1.0391,-1.8627,-9.8019,1.81,1.1779,9.5193,-0.99599,-1.834,-9.912
1.7238,1.0151,9.3613,-1.0487,-1.9632,-9.7731,1.8962,1.2306,9.4188,-1.0343,-1.8962,-9.9455
1.6759,0.8667,9.3374,-0.80924,-1.8387,-9.73,1.8387,1.0343,9.4475,-0.84276,-1.8244,-9.9216
1.4988,0.84276,9.323,-0.81882,-1.7095,-9.8066,1.7334,1.0439,9.4667,-0.83797,-1.7095,-9.8881
1.5658,0.8667,9.2512,-0.87628,-1.7957,-9.7444,1.7813,1.0391,9.4475,-0.88107,-1.8052,-9.8785
1.5036,0.84755,9.3134,-0.88107,-1.7334,-9.7109,1.7478,1.0391,9.5385,-0.90022,-1.743,-9.9695
1.3791,0.7853,9.1937,-0.81403,-1.6041,-9.5912,1.5371,0.95768,9.3709,-0.77093,-1.5802,-9.8497
1.3455,0.56503,9.2512,-0.55067,-1.5371,-9.6869,1.4988,0.72305,9.3853,-0.59376,-1.5131,-9.7971
1.5467,0.65122,9.3805,-0.68474,-1.7238,-9.7923,1.6281,0.85712,9.5098,-0.70868,-1.7238,-9.9407
1.7526,0.73263,9.3805,-0.75657,-2.0111,-9.7923,1.992,0.95768,9.5337,-0.71826,-1.9393,-10.003
1.8531,0.76614,9.5289,-0.73263,-2.059,-9.8881,2.0255,0.91937,9.6007,-0.73741,-1.9824,-10.075
1.6903,0.82361,9.5146,-0.83797,-1.9345,-9.9407,1.8387,1.0295,9.7013,-0.79009,-1.8723,-10.132
1.7286,0.94332,9.505,-0.90022,-1.9776,-9.9024,1.9201,1.0678,9.6103,-0.95289,-1.8866,-10.07
1.8292,1.087,9.5289,-1.0582,-2.0494,-9.9311,1.992,1.2354,9.6534,-1.1109,-2.0016,-9.9934
1.9393,1.1923,9.5098,-1.1875,-2.1596,-9.9072,2.083,1.3647,9.6103,-1.221,-2.1165,-10.075
1.6616,1.1684,9.4667,-1.1971,-1.901,-9.8258,1.8483,1.3408,9.4906,-1.1875,-1.8483,-9.9407
1.5897,1.2115,9.3326,-1.2067,-1.7861,-9.7348,1.7861,1.3647,9.4332,-1.2258,-1.7478,-9.8497
1.6041,1.1109,9.1267,-1.1492,-1.8052,-9.5864,1.7813,1.2881,9.3278,-1.1396,-1.7909,-9.821
1.4413,1.1636,9.1219,-1.1971,-1.6855,-9.5433,1.5993,1.3455,9.2225,-1.1588,-1.6233,-9.73
1.5371,1.0726,9.098,-1.0918,-1.7238,-9.481,1.6616,1.2929,9.232,-1.0918,-1.6903,-9.73
1.6759,1.0534,9.2129,-1.0534,-1.9154,-9.6055,1.8387,1.221,9.3518,-1.1061,-1.8387,-9.73
1.6951,1.063,9.2033,-1.0918,-1.9201,-9.7779,1.8292,1.2402,9.3757,-1.087,-1.8579,-9.8402
1.7095,1.0774,9.2129,-1.0965,-1.9585,-9.6295,1.9345,1.2977,9.3661,-1.1205,-1.9058,-9.8833
1.7478,1.154,9.2703,-1.1157,-1.9537,-9.8258,1.9154,1.2737,9.3948,-1.1301,-1.8914,-9.8785
1.6903,1.2115,9.2703,-1.2019,-1.9201,-9.6391,1.8531,1.3599,9.3518,-1.1875,-1.8292,-9.8354
1.7526,1.2402,9.2512,-1.2258,-2.0255,-9.6678,1.9824,1.4078,9.3757,-1.2594,-1.9106,-9.8833
1.9489,1.2881,9.4284,-1.3312,-2.1308,-9.7492,2.1069,1.4557,9.4763,-1.3024,-2.1021,-9.9934
1.81,1.2498,9.2129,-1.2067,-2.0016,-9.663,1.9537,1.4174,9.3901,-1.2546,-1.9585,-9.7875
1.7765,1.3551,9.2177,-1.312,-2.0016,-9.6582,1.9297,1.4988,9.323,-1.3408,-1.9297,-9.8114
1.7142,1.3551,9.2799,-1.336,-1.9201,-9.7109,1.9106,1.5083,9.3326,-1.3791,-1.8962,-9.7875
1.7621,1.336,9.2656,-1.312,-1.9393,-9.7061,1.8962,1.5514,9.3518,-1.3216,-1.9345,-9.7731
1.7813,1.3168,9.3996,-1.3216,-2.0016,-9.8497,1.9585,1.5467,9.5193,-1.3264,-1.9249,-9.9503
1.9058,1.3551,9.3134,-1.403,-2.1021,-9.7588,2.0111,1.5323,9.4284,-1.3791,-2.0399,-9.9359
2.0016,1.3503,9.2608,-1.3695,-2.2075,-9.7779,2.1644,1.5275,9.3757,-1.3791,-2.1261,-9.8737
1.9824,1.2258,9.1889,-1.2163,-2.2027,-9.6295,2.1308,1.3982,9.3805,-1.1971,-2.1452,-9.7588
1.7765,1.0678,9.1746,-1.0487,-2.0303,-9.4906,1.9441,1.2402,9.1937,-1.0439,-1.9537,-9.6822
1.6855,1.0247,9.1459,-1.0247,-1.8866,-9.572,1.8292,1.1827,9.232,-1.0247,-1.8818,-9.73
1.8866,1.0391,9.2225,-1.0295,-2.0973,-9.7205,2.0255,1.1875,9.4044,-1.0151,-2.0207,-9.8497
2.083,1.0151,9.3422,-0.95768,-2.308,-9.821,2.2745,1.1827,9.4858,-1.0247,-2.2362,-9.9647
2.15,1.1157,9.481,-1.1301,-2.4086,-9.8737,2.3798,1.3024,9.5624,-1.1444,-2.3367,-10.017
2.0925,1.1588,9.3996,-1.1396,-2.3128,-9.754,2.2314,1.312,9.481,-1.1588,-2.2649,-10.003
2.1165,1.1205,9.256,-1.1684,-2.3415,-9.663,2.3032,1.3503,9.347,-1.154,-2.2889,-9.8689
2.0111,1.1971,9.1842,-1.1732,-2.2218,-9.6391,2.1356,1.336,9.323,-1.1779,-2.1452,-9.754
2.0399,1.2785,9.1554,-1.2594,-2.2362,-9.5864,2.1787,1.4413,9.3087,-1.2641,-2.217,-9.754
2.0159,1.2546,9.2991,-1.2594,-2.1979,-9.5529,2.1356,1.4222,9.3422,-1.2498,-2.1596,-9.7875
2.1644,1.4653,9.3422,-1.4988,-2.3511,-9.7971,2.3128,1.5993,9.4763,-1.4605,-2.3128,-10.017
2.375,1.5562,9.3565,-1.5562,-2.5857,-9.7731,2.5953,1.7334,9.4954,-1.5754,-2.5953,-9.8593
1.9393,1.7238,9.2847,-1.6759,-2.1835,-9.6678,2.1308,1.8914,9.4092,-1.6999,-2.1548,-9.8354
1.8818,1.6951,9.2895,-1.6568,-2.0782,-9.6534,2.059,1.8675,9.323,-1.743,-2.0111,-9.8833
1.9297,1.652,9.256,-1.6712,-2.1596,-9.6774,2.0782,1.8627,9.3901,-1.652,-2.1596,-9.8354
1.8052,1.6855,9.2368,-1.6999,-2.0016,-9.7252,2.0111,1.8866,9.3565,-1.652,-1.9537,-9.8689
1.8818,1.6137,9.2081,-1.652,-2.0686,-9.6678,2.0207,1.8196,9.3134,-1.5802,-2.0542,-9.7875
1.9154,1.47,9.2225,-1.4844,-2.1117,-9.6247,2.0782,1.6233,9.3326,-1.4605,-2.059,-9.8497
1.7909,1.336,9.2225,-1.3072,-2.0303,-9.6151,1.9824,1.4413,9.323,-1.3024,-1.9824,-9.8497
